lead_id,uf,cidade,segmento_interesse,orcamento_faixa,prazo_compra,status,n_events,n_page_view,n_hook_complete,n_cta_click,recency_last_event_hours,label_qualified
a484c6af-f02a-4509-a2b1-53a7f1647db4,GO,Rio Verde,EQUIPAMENTOS,60k+,90d,CURIOSO,2,1,1,0,1931.5154973944444444,0
80e25dfa-ffd0-4995-8d2f-4baf846035c5,SP,Sao Jose dos Campos,EQUIPAMENTOS,60k+,7d,ENVIADO,8,5,1,2,693.1821637833333333,1
447641a0-3e48-4e17-aa07-053b00bbfdbf,SP,Campinas,EVENTOS,20k-60k,90d,CURIOSO,1,1,0,0,1806.1321629500000000,0
2a18ab7f-fe0c-42d0-972d-d08b870676ed,SP,Sao Jose dos Campos,SERVICOS,5k-20k,7d,CURIOSO,2,2,0,0,268.2154962833333333,0
d4acd938-974e-45c2-a07c-e44c61fc6e47,GO,Rio Verde,SERVICOS,5k-20k,30d,CURIOSO,1,1,0,0,1536.1321626722222222,0
cb970bad-226d-4774-ad7a-df556af10e09,MG,Contagem,CAVALOS,0-5k,90d,ENVIADO,8,5,1,2,2833.0988290611111111,1
7d8e6f2c-d122-42ee-8575-f7247d167fe2,GO,Goiania,SERVICOS,20k-60k,30d,CURIOSO,1,1,0,0,2022.6821618388888889,0
fb0b80cf-c8b0-4c7a-a6e3-fdeb7ee243e2,SP,Sorocaba,CAVALOS,5k-20k,90d,QUALIFICADO,4,2,1,1,923.3488282277777778,1
06340589-a17e-4e25-9769-857928ab6815,GO,Aparecida de Goiania,CAVALOS,20k-60k,7d,QUALIFICADO,7,5,1,1,1167.2654946166666667,1
80ca9c21-f9ea-4d68-ba2d-b213f54bad76,MG,Mogi das Cruzes,CAVALOS,5k-20k,30d,AQUECENDO,3,1,1,1,143.8254720505555556,0
25d0ffb4-2947-49cc-8f75-b7db46ab0955,MG,"",CAVALOS,"","",AQUECENDO,9,3,3,3,189.0164513227777778,0
fbcbcb2c-ceea-4039-9c63-e56b3953724f,MG,Contagem,SERVICOS,60k+,30d,CURIOSO,1,1,0,0,2898.7988262833333333,0
c1c2a251-4805-4846-96c8-bb1092357a88,SP,Salto,EQUIPAMENTOS,0-5k,30d,ENVIADO,4,1,1,1,0.84800225888888888889,1
f99227c5-9491-40ce-8176-57a4ac039059,MG,Belo Horizonte,EQUIPAMENTOS,5k-20k,90d,AQUECENDO,5,3,1,1,630.4821607277777778,0
ba029a3e-c565-42f6-85f8-d12d2d37e81d,MG,Belo Horizonte,EVENTOS,0-5k,30d,CURIOSO,2,2,0,0,2215.3988268388888889,0
359b81ec-b033-4c47-902c-51d67597923e,MG,Juiz de Fora,SERVICOS,20k-60k,30d,CURIOSO,2,2,0,0,1886.0988265611111111,0
f7966ed1-91f5-4d49-9e23-f54ed7810e2a,SP,Sorocaba,EVENTOS,5k-20k,7d,ENVIADO,8,5,1,2,2873.8154929500000000,1
01a42967-95ca-4862-8fbd-a41a56b26b10,MG,Montes Claros,CAVALOS,20k-60k,7d,CURIOSO,3,2,1,0,961.0654921166666667,0
31dbb9ff-0360-448d-ae4e-7609e133db18,GO,Goiania,EQUIPAMENTOS,0-5k,7d,QUALIFICADO,5,3,1,1,1851.9654918388888889,1
0a86f465-92bf-4461-9a80-92fd164e9401,MG,Belo Horizonte,SERVICOS,20k-60k,30d,CURIOSO,6,3,3,0,189.0146781802777778,0
33b60c8d-2003-4752-a4ea-36c11cd286ad,GO,GoiÃ¢nia,EVENTOS,0-5k,90d,CURIOSO,3,3,0,0,189.0146738913888889,0
cbda63e4-7455-4939-89e7-4fafa78493be,SP,SÃ£o Paulo,EQUIPAMENTOS,20k-60k,7d,AQUECENDO,3,1,1,1,174.2407727072222222,0
9f0686d5-5dd7-467c-a2ef-e649d47c12ab,SP,SÃ£o Paulo,EQUIPAMENTOS,60k+,7d,AQUECENDO,12,3,3,3,174.8301285505555556,0
c1d12ab6-980d-4fcd-998e-29f0f803801f,MG,Montes Claros,EVENTOS,60k+,7d,AQUECENDO,4,3,1,0,543.9988318388888889,0
417e5435-8012-49ef-ba7c-aeb81935d3c1,GO,GoiÃ¢nia,CAVALOS,60k+,30d,QUALIFICADO,6,2,2,2,2.3066185894444444,1
82214bfd-ea66-4ad5-a513-5708502d9b4d,GO,Rio Verde,EQUIPAMENTOS,5k-20k,90d,CURIOSO,2,2,0,0,1515.4821687833333333,0
f430f387-01e3-481f-96f9-3cb7f8c50356,MG,Montes Claros,CAVALOS,20k-60k,30d,CURIOSO,3,2,1,0,1943.8821673944444444,0
1e2f1832-42ad-4104-92a2-17931fc1178d,GO,Goiania,EVENTOS,0-5k,30d,AQUECENDO,4,2,1,1,2037.5155004500000000,0
64ba4b66-cc68-4ffc-93dd-0656a20a1d94,GO,Aparecida de Goiania,EVENTOS,60k+,7d,CURIOSO,3,2,1,0,2885.6988329500000000,0
c10c577d-9af9-4a20-92c3-b6d72623b1b6,SP,Sorocaba,CAVALOS,0-5k,7d,AQUECENDO,3,2,1,0,1202.1488326722222222,0
eaa286b8-845f-40d3-b0db-dbc96bad75d0,SP,Ribeirao Preto,CAVALOS,0-5k,90d,AQUECENDO,4,2,1,1,1511.7321657277777778,0
6798a655-43d8-4844-9b5c-00c50e8fef01,MG,Montes Claros,CAVALOS,5k-20k,7d,CURIOSO,2,1,1,0,831.1488315611111111,0
97b49c93-34c3-44d5-b21e-de77abd2146e,SP,Sao Jose dos Campos,SERVICOS,0-5k,90d,ENVIADO,5,2,1,2,1796.9654979500000000,1
f8ad5a14-7211-4091-aa1e-be1aaff81d58,GO,Goiania,CAVALOS,20k-60k,7d,CURIOSO,2,1,1,0,972.2154912833333333,0
40d8f052-7ef8-487b-881c-e6b514cb64e9,SP,Sorocaba,CAVALOS,20k-60k,90d,ENVIADO,8,5,1,2,1379.0321576722222222,1
2f88b1e1-b42d-4d94-87db-16c83b37c6ea,MG,Contagem,EQUIPAMENTOS,20k-60k,90d,AQUECENDO,4,3,1,0,1123.0988235055555556,0
4dff3061-3b8c-4472-847c-6e3d2345f43e,GO,Aparecida de Goiania,EVENTOS,60k+,90d,ENVIADO,6,3,1,2,700.3654898944444444,1
b12f704b-fcb5-4510-902d-b4a0c5cc2b75,MG,Uberlandia,EQUIPAMENTOS,20k-60k,7d,CURIOSO,1,1,0,0,1888.1654893388888889,0
8f3c14a3-d3e3-47f3-b7fa-99283cab7d69,GO,Goiania,EVENTOS,0-5k,90d,CURIOSO,1,1,0,0,42.8821557277777778,0
d02e19ea-ad7c-4a17-9de4-f43f50ff8453,MG,Contagem,EVENTOS,5k-20k,7d,AQUECENDO,3,1,1,1,1780.5821557277777778,0
0898a19a-41bb-4d58-99dc-fd6c8bfeac72,SP,Campinas,CAVALOS,5k-20k,7d,CURIOSO,1,1,0,0,431.2654885055555556,0
3fdde63f-e3e2-4f02-910d-9c978fd1d290,MG,Montes Claros,CAVALOS,0-5k,7d,CURIOSO,2,2,0,0,2398.0821551722222222,0
b0e50792-8d81-4ebc-a437-4978dc76b0b1,MG,Uberlandia,EVENTOS,60k+,7d,AQUECENDO,5,3,1,1,1598.1321548944444444,0
cba30216-bdd4-4923-902f-e3b032f7e45a,MG,Uberlandia,EQUIPAMENTOS,20k-60k,30d,CURIOSO,3,2,1,0,2548.2321543388888889,0
c1ce6016-460f-4f9d-9470-0874e8f8a256,SP,Sorocaba,EVENTOS,0-5k,90d,CURIOSO,2,2,0,0,509.7321537833333333,0
f11c4c2d-ed6f-46f0-a3b1-c54e09a0b6b5,MG,Belo Horizonte,SERVICOS,20k-60k,30d,CURIOSO,1,1,0,0,2786.0321529500000000,0
ca8ea7ae-f264-4bc2-bee2-f711c9c794a3,SP,Sao Jose dos Campos,EQUIPAMENTOS,60k+,90d,CURIOSO,1,1,0,0,340.9154860055555556,0
3c904809-b437-47e0-80dc-e62cd653bdc4,GO,Jatai,EVENTOS,5k-20k,30d,AQUECENDO,3,2,1,0,1432.3321526722222222,0
23130252-be8f-40a8-9428-ec9ec541b32a,GO,Rio Verde,SERVICOS,60k+,7d,ENVIADO,5,2,1,2,133.6654857277777778,1
4d62fb9b-b3af-456d-9c20-f1fa07d7e266,MG,Contagem,EQUIPAMENTOS,5k-20k,30d,CURIOSO,1,1,0,0,1279.7321518388888889,0
aaa2956d-6c01-4df4-9182-a22ed0446e0e,GO,Aparecida de Goiania,CAVALOS,20k-60k,90d,CURIOSO,1,1,0,0,2695.5821515611111111,0
ff914b7d-485a-4b47-9287-b1a11c7207cd,SP,Sao Jose dos Campos,EQUIPAMENTOS,5k-20k,90d,AQUECENDO,4,3,1,0,379.9654848944444444,0
906a3281-bd47-43ba-b27a-1941602d6e56,MG,Juiz de Fora,SERVICOS,20k-60k,90d,ENVIADO,7,4,1,2,2042.8988176722222222,1
af5a15ee-d07a-4df6-a3e9-9867e8c26c07,GO,Rio Verde,SERVICOS,5k-20k,7d,AQUECENDO,4,3,1,0,1158.2654837833333333,0
e2552a21-97e0-4e58-9cdd-7e7279fe15fe,MG,Belo Horizonte,SERVICOS,0-5k,30d,QUALIFICADO,5,3,1,1,2646.3821498944444444,1
be3c0f15-3c49-458f-a8b3-c7d36f7672df,SP,Sao Paulo,EQUIPAMENTOS,5k-20k,30d,CURIOSO,2,1,1,0,1028.4988162833333333,0
a977a101-a99b-404c-bc28-5b2e62b088db,MG,Juiz de Fora,EQUIPAMENTOS,20k-60k,7d,CURIOSO,1,1,0,0,117.4154826722222222,0
b768050c-bd1a-4abb-bd8c-380c4aadcd61,GO,Jatai,CAVALOS,5k-20k,90d,ENVIADO,7,4,1,2,741.2821490611111111,1
22c724b4-a536-48e0-999a-9676a5f93670,GO,Rio Verde,CAVALOS,0-5k,7d,CURIOSO,1,1,0,0,579.0488148944444444,0
d46a6a42-b67c-4550-9295-c426b902d30b,SP,Ribeirao Preto,EQUIPAMENTOS,0-5k,30d,CURIOSO,2,2,0,0,729.8988148944444444,0
4078d0a2-28a9-432b-8c5b-ce6e7f9fb147,MG,Contagem,EVENTOS,0-5k,90d,CURIOSO,1,1,0,0,2442.6821479500000000,0
755f01dc-109c-4ba7-b4a6-21817a07ca70,GO,Rio Verde,EVENTOS,20k-60k,7d,CURIOSO,1,1,0,0,2079.2154810055555556,0
69f27e15-ee71-4303-9cbf-e182f34dc61c,MG,Contagem,EQUIPAMENTOS,60k+,90d,CURIOSO,2,2,0,0,1247.8821476722222222,0
33690a0a-f89b-40ef-acda-680d7476bbcf,MG,Montes Claros,SERVICOS,60k+,90d,CURIOSO,1,1,0,0,1838.5821473944444444,0
35cce67b-f5f1-4878-91f3-b182e74651b7,SP,Sao Paulo,EQUIPAMENTOS,60k+,30d,AQUECENDO,3,2,1,0,2588.3988137833333333,0
11e17241-244a-4f29-8dee-cab8eba67a31,MG,Contagem,CAVALOS,5k-20k,7d,CURIOSO,1,1,0,0,1500.7988135055555556,0
91fb81cf-8bf1-4d86-92e2-f36eea2ba6ad,SP,Sorocaba,EVENTOS,0-5k,7d,QUALIFICADO,6,3,1,2,2372.3654798944444444,1
fb4ff301-3376-4de0-ba91-5092921233b5,MG,Contagem,EVENTOS,20k-60k,30d,AQUECENDO,4,2,1,1,518.3654793388888889,0
dac306a9-2425-41ac-84ce-8bac90e19d3a,SP,Ribeirao Preto,SERVICOS,20k-60k,30d,ENVIADO,5,2,1,2,2771.5321454500000000,1
540ad098-d904-4f63-ad9e-96c508c0cf34,SP,Ribeirao Preto,SERVICOS,60k+,90d,QUALIFICADO,7,5,1,1,2238.5821451722222222,1
23e970ee-e262-4877-81e3-ac9628c61b34,SP,Sorocaba,CAVALOS,60k+,90d,CURIOSO,2,2,0,0,2710.7321443388888889,0
bc7bf62a-f3c5-43a7-83f5-c50d4d03c701,SP,Sao Jose dos Campos,EVENTOS,5k-20k,7d,QUALIFICADO,5,2,1,2,1209.8821440611111111,1
4698fabf-6824-40f7-8bca-a03d4b6a33c4,SP,Campinas,CAVALOS,60k+,90d,CURIOSO,3,2,1,0,1567.9154771166666667,0
65c8b1c3-f648-4c84-9e5a-a6d27bdb2e01,MG,Contagem,EVENTOS,5k-20k,7d,ENVIADO,8,5,1,2,2579.5654765611111111,1
55e28616-8aff-4292-b4b6-9d02448e523d,SP,Sao Paulo,CAVALOS,20k-60k,30d,AQUECENDO,2,1,1,0,2047.3821426722222222,0
5686adfb-baa8-4390-a7eb-1fe50a80d233,SP,Sao Paulo,EQUIPAMENTOS,5k-20k,90d,CURIOSO,2,2,0,0,2727.4154757277777778,0
9f9e48d8-31e2-4386-acb6-f7a5a88d306a,GO,Anapolis,CAVALOS,20k-60k,30d,AQUECENDO,2,1,1,0,2076.9988087833333333,0
5b34725f-b52f-46ad-95dd-879f87fbf0cf,MG,Juiz de Fora,EQUIPAMENTOS,0-5k,90d,CURIOSO,1,1,0,0,1122.6988085055555556,0
d67dc399-e314-46dc-81fe-509254a5886b,SP,Campinas,SERVICOS,60k+,90d,CURIOSO,2,2,0,0,623.9488082277777778,0
12f5b196-bf92-497e-8d00-edfb4fff3b3d,GO,Aparecida de Goiania,EQUIPAMENTOS,5k-20k,7d,AQUECENDO,4,2,1,1,292.4988079500000000,0
6ba532ca-caa2-404a-a8ff-745f817f7ab3,GO,Goiania,EVENTOS,5k-20k,30d,CURIOSO,3,2,1,0,1466.1488076722222222,0
bf678a46-e475-4280-81c2-182fdfda0b0e,SP,Ribeirao Preto,EQUIPAMENTOS,0-5k,30d,CURIOSO,1,1,0,0,929.7321404500000000,0
8f476110-272d-4d88-8c9a-1bf140f593fe,SP,Ribeirao Preto,EQUIPAMENTOS,20k-60k,90d,AQUECENDO,3,1,1,1,2602.3321404500000000,0
fc07b8aa-b0cf-4ab8-b447-cd1118cc5f20,GO,Rio Verde,SERVICOS,20k-60k,7d,CURIOSO,1,1,0,0,197.5488065611111111,0
9e101ba1-0331-4577-9db0-25b20ef98c4a,GO,Anapolis,EVENTOS,20k-60k,7d,AQUECENDO,3,2,1,0,1211.6654732277777778,0
5c1bae36-137a-45e6-97e1-67b0e22d1b8b,SP,Campinas,SERVICOS,5k-20k,90d,CURIOSO,2,2,0,0,1633.0988060055555556,0
b6c1cd58-2828-4bd9-862f-8f273af4dd6c,GO,Jatai,EQUIPAMENTOS,60k+,90d,AQUECENDO,2,1,1,0,378.1154723944444444,0
6c02d6f7-dfae-4be0-8be4-4451762eae19,GO,Goiania,EVENTOS,0-5k,90d,QUALIFICADO,6,4,1,1,2705.0821387833333333,1
4d1e75eb-56a8-42d8-ad9c-a970096ac096,MG,Montes Claros,CAVALOS,5k-20k,30d,AQUECENDO,4,3,1,0,2177.7154715611111111,0
d67caa61-d651-42d9-bddf-40e074c6f454,MG,Contagem,CAVALOS,60k+,90d,CURIOSO,1,1,0,0,1022.7154710055555556,0
e1ded905-f3fd-4185-a2f8-2363760d8474,SP,Campinas,EQUIPAMENTOS,20k-60k,30d,CURIOSO,2,2,0,0,2565.4821373944444444,0
4fdb6b1d-f0df-49b6-b72d-217b7f76be11,GO,Jatai,SERVICOS,60k+,90d,QUALIFICADO,5,3,1,1,914.5988037833333333,1
0453da94-5645-44de-a782-c00a4c880049,GO,Jatai,EQUIPAMENTOS,0-5k,7d,AQUECENDO,4,2,1,1,1781.9988032277777778,0
e2c8992b-4ba8-4b0f-bd59-66a691518708,GO,Jatai,CAVALOS,5k-20k,30d,CURIOSO,1,1,0,0,1671.7988026722222222,0
7f938493-7f12-44b6-bf44-616f929e3cee,SP,Campinas,EQUIPAMENTOS,20k-60k,30d,AQUECENDO,4,2,1,1,973.2488023944444444,0
3b17cdf2-727a-4457-bf5d-2496431e7519,SP,Campinas,CAVALOS,20k-60k,7d,ENVIADO,7,4,1,2,265.7821351722222222,1
0f13117e-4752-462d-8440-edb20b266240,MG,Juiz de Fora,EQUIPAMENTOS,5k-20k,90d,QUALIFICADO,6,4,1,1,2833.3654679500000000,1
4161410d-274c-4f3f-9139-8cf9b4225cbe,GO,Rio Verde,SERVICOS,0-5k,30d,AQUECENDO,2,1,1,0,343.2821340611111111,0
92f005e0-b65d-4dfc-8f9e-290961af995e,GO,Jatai,CAVALOS,60k+,7d,AQUECENDO,3,2,1,0,2157.1154671166666667,0
68052df3-86bc-4382-85af-537132ac2ff1,GO,Goiania,EQUIPAMENTOS,60k+,30d,CURIOSO,2,1,1,0,598.4821335055555556,0
c71c207f-c438-4f98-98c7-4e3152c268a7,MG,Belo Horizonte,EVENTOS,60k+,7d,CURIOSO,2,2,0,0,299.0154665611111111,0
2040ea93-cf87-424d-8c9a-d245d0be8cc0,SP,Campinas,SERVICOS,60k+,7d,CURIOSO,3,2,1,0,653.0654662833333333,0
46fae4d1-03cf-4450-8434-83f13b5718a3,SP,Sao Jose dos Campos,CAVALOS,60k+,7d,CURIOSO,1,1,0,0,2178.8154660055555556,0
71ee8b93-44c0-4f98-8773-cee41b2fad7c,SP,Sao Paulo,EQUIPAMENTOS,20k-60k,30d,CURIOSO,1,1,0,0,544.0154657277777778,0
52932d67-8fe6-4bcf-b223-2e75ce4fc26e,MG,Juiz de Fora,CAVALOS,20k-60k,30d,AQUECENDO,2,1,1,0,2106.1654654500000000,0
e9b98dd5-d866-4b39-b12e-105eba5fab1d,GO,Aparecida de Goiania,SERVICOS,5k-20k,30d,AQUECENDO,3,1,1,1,572.7654654500000000,0
425d474f-ee57-4f18-aca3-aac4571d8d17,MG,Contagem,SERVICOS,5k-20k,30d,AQUECENDO,3,2,1,0,1017.1487982277777778,0
d5a10f05-194b-4b08-9f75-8f38c88b6228,GO,Goiania,SERVICOS,5k-20k,90d,AQUECENDO,5,3,1,1,764.4487979500000000,0
a04ef7cb-8fa3-4ccf-a04e-e2b17095b96a,MG,Uberlandia,EQUIPAMENTOS,0-5k,30d,CURIOSO,2,1,1,0,325.4654643388888889,0
309e730f-efa9-4ed1-ba68-a65919b086b1,GO,Rio Verde,SERVICOS,0-5k,30d,CURIOSO,3,2,1,0,711.7487973944444444,0
e2248a01-111c-463a-bb81-2bc735f10866,SP,Sao Paulo,SERVICOS,60k+,90d,CURIOSO,1,1,0,0,2259.4487971166666667,0
b0d091ad-5a5c-4e0f-b458-91bb37354843,MG,Juiz de Fora,CAVALOS,0-5k,90d,QUALIFICADO,7,5,1,1,894.6321301722222222,1
a2fa534c-b96d-4fe7-97a3-9cbae83c7880,MG,Contagem,EQUIPAMENTOS,60k+,90d,AQUECENDO,2,1,1,0,2122.1154626722222222,0
a00e5c40-5ee4-426c-bec3-0bf5c5d489fa,SP,Campinas,EQUIPAMENTOS,20k-60k,30d,CURIOSO,2,2,0,0,2364.5154626722222222,0
3d360e13-9bb1-4652-8fa2-dcca398a92ee,GO,Aparecida de Goiania,EQUIPAMENTOS,5k-20k,30d,AQUECENDO,5,3,1,1,698.9487957277777778,0
6aa54444-1d3c-4257-94bf-83c7d284c1c3,GO,Goiania,SERVICOS,5k-20k,90d,AQUECENDO,5,3,1,1,737.1654618388888889,0
9b978d60-d8ed-4e2e-9ad7-f6eda535e102,GO,Anapolis,EVENTOS,60k+,30d,QUALIFICADO,7,4,1,2,1210.0154612833333333,1
b31df144-8b65-49e6-9695-b973a2971a15,SP,Sao Jose dos Campos,SERVICOS,5k-20k,30d,CURIOSO,2,2,0,0,445.3987940611111111,0
5e222909-1bfd-4aa0-80c4-ffa3ca19ea4f,GO,Anapolis,SERVICOS,0-5k,30d,CURIOSO,2,2,0,0,1813.6654604500000000,0
32a884bb-1b36-4760-8539-4cbd942ba470,SP,Sao Jose dos Campos,CAVALOS,20k-60k,7d,AQUECENDO,4,2,1,1,2250.4154601722222222,0
e6384e9b-4f93-4595-b80f-632bb3baac4a,GO,Jatai,CAVALOS,5k-20k,7d,QUALIFICADO,5,3,1,1,608.2821262833333333,1
3baa7e4e-7a1b-4c86-a30f-9b53c2d9178e,MG,Montes Claros,SERVICOS,60k+,30d,QUALIFICADO,4,2,1,1,2546.5154590611111111,1
9814ac7b-bcb2-4beb-add2-356b8f6e4d81,SP,Sao Paulo,SERVICOS,0-5k,7d,QUALIFICADO,8,5,1,2,712.5821254500000000,1
ce5f704c-ea65-4bbf-91c9-964a2a362a28,MG,Montes Claros,CAVALOS,5k-20k,7d,CURIOSO,3,2,1,0,1069.6487915611111111,0
182ca1ee-33de-4a47-9cb5-bab588410989,MG,Contagem,SERVICOS,0-5k,30d,CURIOSO,2,2,0,0,1779.3321243388888889,0
3424c1d7-437e-4a1d-9119-f8d870b851be,MG,Contagem,EQUIPAMENTOS,20k-60k,30d,CURIOSO,2,2,0,0,1257.7654573944444444,0
e0bb830d-516d-4136-962f-384e3b7f63e2,GO,Jatai,EVENTOS,5k-20k,90d,AQUECENDO,4,2,1,1,255.3821237833333333,0
6544319c-3d72-459c-9453-cb5ddc14941f,SP,Sao Jose dos Campos,EQUIPAMENTOS,0-5k,90d,CURIOSO,2,2,0,0,909.7321235055555556,0
49a218aa-c29e-4338-a801-a60babac890c,SP,Campinas,EVENTOS,0-5k,30d,AQUECENDO,5,3,1,1,412.5321232277777778,0
14893cc3-2de1-4252-b167-03b73577f3dd,GO,Jatai,EQUIPAMENTOS,20k-60k,90d,QUALIFICADO,8,5,1,2,1865.4321226722222222,1
7062eaf1-0028-47b3-9bef-34315447177b,MG,Uberlandia,EQUIPAMENTOS,5k-20k,7d,CURIOSO,2,2,0,0,2300.3654551722222222,0
114fb0db-bf2c-4771-9deb-0dca33a08a91,MG,Uberlandia,SERVICOS,20k-60k,90d,CURIOSO,1,1,0,0,730.7154548944444444,0
ea6f49b2-63ef-4e33-b9fa-83845143695d,SP,Sorocaba,SERVICOS,20k-60k,30d,AQUECENDO,3,2,1,0,1039.1987882277777778,0
24ebd294-9205-4cac-a710-d74cea18f2c1,GO,Aparecida de Goiania,SERVICOS,0-5k,90d,AQUECENDO,4,3,1,0,2679.2821212833333333,0
4088be83-b504-4698-8b6d-df311ba4ac84,MG,Uberlandia,EVENTOS,0-5k,90d,CURIOSO,2,2,0,0,1281.1321207277777778,0
0e386d98-d014-4075-9e39-24060cfdeb6f,SP,Campinas,CAVALOS,60k+,90d,CURIOSO,1,1,0,0,691.9821204500000000,0
5a7419b2-6960-42f9-bb77-ec6b466ceb57,SP,Sao Jose dos Campos,EVENTOS,60k+,7d,CURIOSO,2,2,0,0,2642.0487868388888889,0
2b1cdc4d-7b2b-4916-b479-cfce8cb5f455,SP,Sao Paulo,CAVALOS,20k-60k,90d,AQUECENDO,2,1,1,0,1273.3654532277777778,0
b1391f5f-9384-4f73-9674-9008354f45c1,MG,Juiz de Fora,CAVALOS,60k+,30d,CURIOSO,2,2,0,0,2388.8987862833333333,0
1bd3a8f2-caa4-49be-bc67-b517e9b4fda1,SP,Sorocaba,CAVALOS,0-5k,90d,QUALIFICADO,5,3,1,1,2390.3154529500000000,1
c9d2ca5d-8555-4e19-90d0-510553d53e65,GO,Goiania,SERVICOS,5k-20k,90d,AQUECENDO,4,3,1,0,229.4487857277777778,0
cd197c6c-a08f-4581-b58d-bf6d35d73c44,MG,Montes Claros,SERVICOS,60k+,90d,AQUECENDO,4,2,1,1,668.9987854500000000,0
5180f6ac-b0cc-4bc4-a5c2-024652c72b37,GO,Rio Verde,EVENTOS,5k-20k,90d,AQUECENDO,3,2,1,0,2511.9987848944444444,0
29d161b3-4202-4b5e-b302-d019aa49afcb,GO,Goiania,EVENTOS,0-5k,30d,AQUECENDO,4,3,1,0,1570.4654512833333333,0
3f754290-cfee-4850-a66e-65436c2e1900,GO,Jatai,EQUIPAMENTOS,5k-20k,30d,AQUECENDO,3,1,1,1,616.5654510055555556,0
53a0b80d-f294-404a-be4d-92fcba9cc262,GO,Aparecida de Goiania,CAVALOS,60k+,90d,AQUECENDO,3,2,1,0,251.5487837833333333,0
0d0c131a-ded0-4247-aee9-a619ed351fbd,SP,Sao Paulo,EVENTOS,60k+,7d,QUALIFICADO,6,4,1,1,1482.8487835055555556,1
477f2abc-6a69-4806-8d0b-190a2082d7e0,GO,Jatai,SERVICOS,0-5k,90d,CURIOSO,2,2,0,0,2701.3987829500000000,0
49eac242-3e3b-4ebd-8a4b-ef839bed714b,GO,Aparecida de Goiania,SERVICOS,0-5k,90d,AQUECENDO,4,2,1,1,2355.7987829500000000,0
ac1db6e0-9590-4dfb-8e9d-e4b1a06be3a6,SP,Sorocaba,EVENTOS,0-5k,30d,AQUECENDO,3,1,1,1,-11.7678842722222222,0
bec51d21-3d79-4423-b807-1419b3b3c01c,SP,Ribeirao Preto,CAVALOS,0-5k,30d,CURIOSO,1,1,0,0,714.4321154500000000,0
5cafd642-6746-44e3-9be4-479c1823a17f,GO,Rio Verde,CAVALOS,0-5k,90d,CURIOSO,1,1,0,0,2801.6487821166666667,0
b813f5d1-7e9f-45ad-9393-df42c81a595d,SP,Campinas,CAVALOS,5k-20k,90d,CURIOSO,2,2,0,0,531.7654485055555556,0
8dc9c987-cb27-46ad-b170-ace089c220d9,GO,Jatai,SERVICOS,60k+,30d,CURIOSO,1,1,0,0,649.0821148944444444,0
1c783d9e-c9b5-42de-a371-f2f3f2aff821,MG,Belo Horizonte,EVENTOS,0-5k,30d,QUALIFICADO,5,2,1,2,1840.0154482277777778,1
1c47d9aa-51d5-4eb1-96b4-08f1762078fe,SP,Ribeirao Preto,CAVALOS,20k-60k,30d,CURIOSO,1,1,0,0,48.1987810055555556,0
74f3a5c1-b765-4f6e-922c-a19330dd53b5,GO,Jatai,SERVICOS,60k+,90d,QUALIFICADO,6,3,1,2,123.1154473944444444,1
3561430b-2492-4d22-9e5c-0cd062efea02,MG,Belo Horizonte,SERVICOS,5k-20k,90d,QUALIFICADO,6,4,1,1,304.2987798944444444,1
5d45ab3c-5b11-4d78-b574-6d7d18fc23fb,GO,Jatai,CAVALOS,20k-60k,7d,AQUECENDO,4,2,1,1,1766.9321129500000000,0
416b4079-1930-47fc-8bd8-bf05ab259868,GO,Goiania,CAVALOS,0-5k,7d,AQUECENDO,2,1,1,0,1183.2487790611111111,0
8fb14dbd-116f-4043-aaa6-96fdf92dbb77,MG,Montes Claros,SERVICOS,5k-20k,7d,CURIOSO,2,2,0,0,2133.2487787833333333,0
7d54cca2-78ae-4553-b559-ef8d837cf740,SP,Sorocaba,CAVALOS,0-5k,30d,QUALIFICADO,6,3,1,2,2006.0321118388888889,1
c6917824-bcd6-4a5c-8d7d-d82aa770dab6,MG,Juiz de Fora,EQUIPAMENTOS,60k+,30d,CURIOSO,2,2,0,0,2219.9821112833333333,0
d37e0feb-6240-49d2-b652-8b1bf3768ae7,SP,Sorocaba,EQUIPAMENTOS,5k-20k,7d,CURIOSO,2,2,0,0,1486.5154443388888889,0
92946851-8791-48d7-955e-5a2dd44deb04,GO,Rio Verde,EVENTOS,60k+,30d,CURIOSO,2,2,0,0,1130.9821107277777778,0
8f416046-f4ac-4973-9b47-9706fa3f99f7,MG,Belo Horizonte,EVENTOS,60k+,7d,CURIOSO,2,2,0,0,650.1654437833333333,0
57130d52-9be0-4749-af20-09fe34efcfc0,GO,Rio Verde,EQUIPAMENTOS,60k+,7d,AQUECENDO,3,2,1,0,2017.3321101722222222,0
0ccf6e29-f5dd-4cfa-adea-fcdf9fea2e2e,MG,Belo Horizonte,EVENTOS,0-5k,7d,AQUECENDO,4,2,1,1,277.2821098944444444,0
6a154f58-ac7b-46f7-88a5-9c29c4a802cd,SP,Sao Jose dos Campos,SERVICOS,5k-20k,90d,ENVIADO,8,5,1,2,52.0154429500000000,1
bf88f206-15ec-4a08-ac33-5bb0a182fa82,SP,Sao Jose dos Campos,CAVALOS,60k+,90d,CURIOSO,1,1,0,0,877.3487754500000000,0
be49d0da-6da8-42a8-a8a4-a6f373e80e50,SP,Sorocaba,EVENTOS,60k+,30d,CURIOSO,1,1,0,0,2232.7654421166666667,0
cd483e9a-f556-46a0-8aa3-24685115244f,SP,Sao Paulo,EVENTOS,0-5k,30d,CURIOSO,1,1,0,0,2851.2487751722222222,0
22ae8755-70af-4777-afe3-19e6717b09fd,GO,Aparecida de Goiania,EVENTOS,5k-20k,7d,AQUECENDO,2,1,1,0,430.6821082277777778,0
e3c48f5c-c153-48d1-a001-11551fd0f8d1,GO,Anapolis,SERVICOS,20k-60k,30d,CURIOSO,1,1,0,0,413.9487748944444444,0
4b2f5e78-0475-4916-9d85-af6ff83de350,MG,Contagem,SERVICOS,0-5k,7d,AQUECENDO,5,3,1,1,1844.3821079500000000,0
4f7ffbd5-9311-430a-a1cf-5ee53287bc79,GO,Anapolis,CAVALOS,0-5k,30d,CURIOSO,1,1,0,0,552.9321073944444444,0
49045476-9a47-418c-9ab3-6deadc597b45,MG,Belo Horizonte,SERVICOS,60k+,30d,ENVIADO,7,4,1,2,1200.3987737833333333,1
48335e8e-835f-43e2-9eea-60dd461ef3a0,MG,Juiz de Fora,CAVALOS,0-5k,30d,CURIOSO,2,2,0,0,2135.5654398944444444,0
d90c6bb2-862d-4841-833a-37ad70d6949d,SP,Sao Jose dos Campos,EVENTOS,5k-20k,7d,QUALIFICADO,4,2,1,1,2797.3154396166666667,1
6ab89854-d119-42ec-af68-be7fe98be328,GO,Goiania,SERVICOS,20k-60k,30d,QUALIFICADO,8,5,1,2,2212.5654390611111111,1
40f07085-497a-40a9-b6f3-16e8035f384a,GO,Rio Verde,EVENTOS,60k+,30d,AQUECENDO,4,2,1,1,2484.4654385055555556,0
d54ef869-d3e8-43d4-bd88-58738e9f77a0,SP,Sao Jose dos Campos,SERVICOS,60k+,30d,QUALIFICADO,4,2,1,1,307.4987712833333333,1
33455116-b178-4d99-ad68-2e9ea44e5a25,GO,Rio Verde,EVENTOS,20k-60k,90d,CURIOSO,2,2,0,0,2799.6654373944444444,0
7f25e9c5-4596-4900-8901-3e2cca0e5e58,GO,Aparecida de Goiania,SERVICOS,5k-20k,90d,CURIOSO,2,2,0,0,499.8321037833333333,0
3793208b-c74d-4c12-9499-bbc18c3c9dd3,GO,Anapolis,CAVALOS,60k+,30d,QUALIFICADO,4,2,1,1,421.2654368388888889,1
c8dd5c6e-4bef-4a6e-bda8-8f44b7688782,GO,Rio Verde,CAVALOS,20k-60k,7d,CURIOSO,1,1,0,0,605.8321029500000000,0
b08307fe-3884-4121-a4e3-6e5c64b1689c,MG,Juiz de Fora,EQUIPAMENTOS,60k+,90d,AQUECENDO,3,2,1,0,1521.4987693388888889,0
a4f25e12-6bc4-4bb6-8837-e6a9889f0f19,SP,Sao Paulo,EQUIPAMENTOS,0-5k,90d,AQUECENDO,3,1,1,1,653.6821023944444444,0
62fe84ff-ca9f-47a3-adb0-b3d93c9535f6,GO,Anapolis,EQUIPAMENTOS,0-5k,7d,AQUECENDO,3,2,1,0,1553.4821021166666667,0
f0097ec7-ee06-4320-b169-d9cb96fc1e7f,GO,Goiania,CAVALOS,0-5k,30d,CURIOSO,1,1,0,0,1544.8487682277777778,0
01f3802b-3967-4c7b-aecd-bdf7ef604dad,GO,Anapolis,CAVALOS,20k-60k,90d,CURIOSO,2,2,0,0,2517.6987682277777778,0
b50cebd7-129a-47f4-a7fc-bb947d3d305e,GO,Aparecida de Goiania,CAVALOS,0-5k,7d,QUALIFICADO,4,2,1,1,950.9321012833333333,1
a5596a62-93e3-4bd5-a1e9-ff2edacd137c,MG,Uberlandia,EQUIPAMENTOS,5k-20k,30d,CURIOSO,1,1,0,0,715.6821007277777778,0
8d0d590d-302d-45da-8c3b-7524c0ba15fc,SP,Sorocaba,SERVICOS,0-5k,90d,AQUECENDO,4,3,1,0,2719.5654337833333333,0
aee10b43-e15f-4bea-a273-16333f0204ac,MG,Juiz de Fora,EVENTOS,0-5k,90d,AQUECENDO,3,2,1,0,2339.1821001722222222,0
1340c008-34cb-464f-b86a-2fd39217ae61,SP,Ribeirao Preto,CAVALOS,60k+,30d,CURIOSO,3,2,1,0,783.2654329500000000,0
a8f49056-aa96-414e-b183-b3730f884e69,SP,Sao Jose dos Campos,CAVALOS,20k-60k,7d,CURIOSO,2,2,0,0,2556.9820993388888889,0
ed7047fb-bb63-43f0-b1e9-7504f4473713,GO,Rio Verde,EQUIPAMENTOS,60k+,30d,CURIOSO,2,2,0,0,1186.5654323944444444,0
7dcc17e6-45d1-4fe6-ba82-d18cd5d7e8f7,SP,Sao Jose dos Campos,CAVALOS,5k-20k,90d,ENVIADO,6,3,1,2,1079.9320987833333333,1
89aaa3c9-223e-4364-83fe-3bb117a8d558,MG,Belo Horizonte,EQUIPAMENTOS,0-5k,30d,CURIOSO,2,1,1,0,1817.5320982277777778,0
c6e6eacc-016c-42c0-879c-294a4db608eb,SP,Campinas,EVENTOS,0-5k,7d,AQUECENDO,3,1,1,1,872.7487646166666667,0
92f61257-7220-468f-8620-d28415d24712,GO,Jatai,SERVICOS,20k-60k,90d,AQUECENDO,4,2,1,1,628.9154310055555556,0
bb325e07-a8e3-449f-bb8d-a41c622e77b5,GO,Anapolis,EVENTOS,0-5k,7d,QUALIFICADO,7,5,1,1,2851.9654307277777778,1
2fea241f-b6b5-4606-8b94-f7a0e2c8030e,GO,Jatai,SERVICOS,5k-20k,7d,AQUECENDO,3,2,1,0,32.0654298944444444,0
d6998dc7-3d79-4a76-9917-9bfc583ec502,GO,Anapolis,EQUIPAMENTOS,0-5k,30d,AQUECENDO,3,2,1,0,1892.5320962833333333,0
8ab6cc4d-ad80-4293-bb85-e6c67b47cdbf,SP,Ribeirao Preto,EVENTOS,5k-20k,90d,CURIOSO,2,2,0,0,681.7154293388888889,0
36204975-df5c-4995-bf29-5d95fe2811ca,MG,Contagem,EQUIPAMENTOS,20k-60k,90d,CURIOSO,1,1,0,0,2758.4820957277777778,0
c6390291-3611-44ad-9ef9-745f36c039ce,MG,Montes Claros,CAVALOS,5k-20k,7d,QUALIFICADO,8,5,1,2,603.7820954500000000,1
505f8dc0-09ea-4ee1-afc4-710616271a9a,SP,Ribeirao Preto,EQUIPAMENTOS,60k+,90d,QUALIFICADO,5,2,1,2,761.9820948944444444,1
94c7fb94-5b46-4042-9917-37ce8f04d87d,MG,Belo Horizonte,EQUIPAMENTOS,60k+,90d,AQUECENDO,4,2,1,1,2863.0487607277777778,0
aca3c792-667d-49c0-9868-65d4ae9739bf,GO,Anapolis,CAVALOS,60k+,90d,CURIOSO,2,2,0,0,2371.7654271166666667,0
ba2b20e2-7f30-4e82-8435-c85256605be4,MG,Uberlandia,SERVICOS,5k-20k,30d,AQUECENDO,3,2,1,0,169.2487601722222222,0
6503fa12-3d06-4a1a-8cd6-cc7ae83ead6f,MG,Juiz de Fora,EVENTOS,0-5k,30d,CURIOSO,2,2,0,0,518.9654265611111111,0
ebabbc30-87a7-4126-b98c-aee8fb2dbf08,MG,Montes Claros,EVENTOS,0-5k,90d,CURIOSO,2,2,0,0,158.7987596166666667,0
4db325c7-e8a9-4ad3-b5a7-8a73264d193f,MG,Uberlandia,EVENTOS,5k-20k,7d,AQUECENDO,4,2,1,1,979.2320926722222222,0
710fd31c-966a-457b-970b-666263711aff,GO,Aparecida de Goiania,CAVALOS,0-5k,30d,CURIOSO,1,1,0,0,701.1154254500000000,0
cdd41d2d-c2b9-468f-8221-04ebbae10b05,SP,Campinas,SERVICOS,0-5k,90d,CURIOSO,2,2,0,0,2333.8820921166666667,0
d086ff01-cd5f-4dbc-8464-e0eabe304e41,MG,Montes Claros,CAVALOS,60k+,90d,CURIOSO,3,2,1,0,322.1987585055555556,0
7a925ce8-03dc-4ddc-8d86-89509ecc77fc,MG,Contagem,EVENTOS,60k+,30d,QUALIFICADO,8,5,1,2,857.0320915611111111,1
568aaf11-be74-4cda-be46-0592695ab26b,SP,Sorocaba,EVENTOS,5k-20k,30d,AQUECENDO,3,2,1,0,1826.9820910055555556,0
72bf38dd-63b3-4422-9835-20b7b78721b6,GO,Anapolis,SERVICOS,5k-20k,7d,CURIOSO,2,1,1,0,1748.6154237833333333,0
c7103297-4f66-4c41-8078-f4cbdb4e8519,GO,Anapolis,CAVALOS,0-5k,7d,AQUECENDO,4,3,1,0,2286.7320901722222222,0
76b55250-a494-4ae9-aeb8-830a0a0818f1,GO,Anapolis,EVENTOS,5k-20k,30d,CURIOSO,2,2,0,0,2190.3320898944444444,0
6bcfb3a6-e68e-4a2d-9136-c89211b8aeae,SP,Sorocaba,SERVICOS,5k-20k,90d,CURIOSO,2,2,0,0,1308.7154229500000000,0
6434d376-dc4d-42c3-8632-bd693e83368e,SP,Sao Paulo,SERVICOS,5k-20k,90d,AQUECENDO,4,3,1,0,2796.7987560055555556,0
4269dc88-18a6-4b21-b07b-c9f4ac7aa890,GO,Aparecida de Goiania,SERVICOS,5k-20k,7d,CURIOSO,2,2,0,0,1968.6320887833333333,0
892da93a-ac3a-418d-bf3e-638ea62ce3dd,GO,Rio Verde,SERVICOS,5k-20k,30d,ENVIADO,7,4,1,2,2501.8820887833333333,1
e7afd149-11d3-44a0-a9da-d9660a4dcb78,GO,Rio Verde,EVENTOS,60k+,7d,CURIOSO,2,2,0,0,2251.2320882277777778,0
0461f8ea-4e4b-46fb-b5b1-957406a60ef7,SP,Sao Paulo,CAVALOS,20k-60k,7d,CURIOSO,3,2,1,0,388.3320879500000000,0
75954bd1-a226-4422-a4e5-2a8322bfa1d8,MG,Uberlandia,SERVICOS,0-5k,90d,CURIOSO,2,1,1,0,2250.8487543388888889,0
86131b04-543d-4420-ae4a-e61e69d8c17f,MG,Juiz de Fora,EQUIPAMENTOS,60k+,90d,AQUECENDO,2,1,1,0,720.1654207277777778,0
4a01a954-2b73-44d8-9149-9bcfab8e703f,SP,Ribeirao Preto,CAVALOS,60k+,90d,QUALIFICADO,6,4,1,1,935.0654204500000000,1
516f1a86-6160-4924-ab61-5015bb12e655,SP,Sao Paulo,EVENTOS,20k-60k,7d,CURIOSO,1,1,0,0,1118.3654198944444444,0
b977fa08-efc1-4c67-848c-6a3c13831600,GO,Rio Verde,SERVICOS,60k+,30d,CURIOSO,2,2,0,0,2264.3820865611111111,0
138db782-949c-4790-8f0d-76a874a22563,SP,Sao Jose dos Campos,EQUIPAMENTOS,0-5k,90d,CURIOSO,1,1,0,0,733.4154196166666667,0
38e5a16c-0899-48f2-81f0-6ed06e0c4f06,SP,Sao Jose dos Campos,EQUIPAMENTOS,5k-20k,7d,CURIOSO,2,2,0,0,389.3654193388888889,0
f95e09a3-2cc1-4d72-9a2d-9958bf76a405,MG,Montes Claros,CAVALOS,20k-60k,7d,CURIOSO,1,1,0,0,1385.0987523944444444,0
28366d12-5094-4a3e-ae64-e35d83834e65,GO,Rio Verde,SERVICOS,5k-20k,30d,AQUECENDO,3,1,1,1,2464.3654187833333333,0
0771f6c0-df44-4e5d-a6f2-2e9ab7a1ca2c,SP,Sorocaba,EQUIPAMENTOS,0-5k,90d,QUALIFICADO,7,4,1,2,629.7487518388888889,1
54edc972-bcad-4628-9097-e6ef121d36c4,MG,Montes Claros,CAVALOS,5k-20k,30d,CURIOSO,2,2,0,0,1360.1987512833333333,0
4112d516-e613-421b-a5b8-3699434d1e48,MG,Uberlandia,CAVALOS,0-5k,90d,CURIOSO,3,2,1,0,1698.8487510055555556,0
090fc4d2-7569-45d3-8678-34fe31664737,SP,Sao Jose dos Campos,CAVALOS,60k+,7d,AQUECENDO,5,3,1,1,2739.4154173944444444,0
90cd12ff-a726-4a90-9b6e-b742653b5cfd,GO,Goiania,EVENTOS,0-5k,7d,CURIOSO,2,2,0,0,664.8987501722222222,0
336e82aa-4e71-4938-8431-de95de6805d4,GO,Rio Verde,EQUIPAMENTOS,60k+,90d,CURIOSO,1,1,0,0,337.5154165611111111,0
25a11c94-f9a1-4fb8-ba1e-64dacec3c7ae,GO,Aparecida de Goiania,EQUIPAMENTOS,20k-60k,7d,AQUECENDO,2,1,1,0,638.2487496166666667,0
202149c9-103a-4926-b1c2-603f216f2bef,GO,Aparecida de Goiania,SERVICOS,5k-20k,30d,QUALIFICADO,6,4,1,1,1395.4820826722222222,1
5309a784-39b7-441d-a953-767ec4732a29,GO,Jatai,EQUIPAMENTOS,60k+,90d,CURIOSO,3,2,1,0,1009.5487487833333333,0
fca73933-0f6d-48f0-ba9e-07211d7f3aac,MG,Contagem,SERVICOS,60k+,90d,QUALIFICADO,4,2,1,1,1083.5320818388888889,1
1be63bb6-6a9a-4814-acd6-7a0141e8bfbd,SP,Sao Paulo,EVENTOS,60k+,7d,CURIOSO,2,2,0,0,1848.8320812833333333,0
0160c217-52c1-403f-a8a3-c2b857377d87,MG,Contagem,EVENTOS,60k+,7d,CURIOSO,2,2,0,0,408.2320812833333333,0
1a9a54da-ae78-4abd-b63c-ebc6e373976f,SP,Sorocaba,CAVALOS,20k-60k,30d,CURIOSO,2,2,0,0,2205.5320810055555556,0
2f09bc7b-0441-43fa-b6bb-2be1aa89d82b,MG,Contagem,SERVICOS,0-5k,30d,QUALIFICADO,4,2,1,1,311.1654140611111111,1
047783f0-f648-467e-8eef-4ce9fdd57ebc,GO,Aparecida de Goiania,CAVALOS,60k+,90d,AQUECENDO,4,3,1,0,228.7320804500000000,0
b6fc6337-b898-4101-8fc1-0b0c79da7c4d,GO,Goiania,CAVALOS,5k-20k,7d,AQUECENDO,4,2,1,1,828.7654132277777778,0
455eb002-72c6-4cfd-9cfb-61f6fdc82813,MG,Montes Claros,EVENTOS,5k-20k,7d,ENVIADO,6,3,1,2,2679.9154129500000000,1
cee149cb-813b-41f8-9940-650f69b64d18,SP,Sorocaba,EQUIPAMENTOS,20k-60k,7d,QUALIFICADO,7,4,1,2,2884.9320790611111111,1
06ed5b7f-d46a-4537-9caa-e13235d908e9,GO,Anapolis,SERVICOS,60k+,7d,CURIOSO,3,2,1,0,482.4820785055555556,0
cb92c6db-e5b4-4f06-8f44-6f4b50c1534e,MG,Juiz de Fora,CAVALOS,60k+,90d,AQUECENDO,3,1,1,1,647.3154112833333333,0
c3a6cc16-9ec9-4bae-830c-d9f7d2268bed,MG,Contagem,SERVICOS,60k+,7d,AQUECENDO,2,1,1,0,2547.6487443388888889,0
55a79d1f-231b-4df5-bfd3-b9c332f5f96b,GO,Anapolis,EQUIPAMENTOS,5k-20k,30d,CURIOSO,3,2,1,0,703.6487443388888889,0
89fc7bae-90d3-48af-adc3-7370b589e281,GO,Anapolis,EVENTOS,5k-20k,90d,CURIOSO,2,2,0,0,603.1320773944444444,0
3f1ba761-3dfa-499f-b7bd-88cdd302662f,SP,Sao Jose dos Campos,EQUIPAMENTOS,20k-60k,7d,AQUECENDO,5,3,1,1,1211.8820771166666667,0
469ffad6-15aa-4edb-a24c-b5b30f62cb61,MG,Contagem,CAVALOS,5k-20k,7d,AQUECENDO,4,3,1,0,1268.6487432277777778,0
039a0a3e-c7ab-4588-b40b-884bc64467c1,GO,Goiania,SERVICOS,0-5k,90d,CURIOSO,2,2,0,0,1359.3820762833333333,0
edecaf92-323d-4e80-a975-c14e82461c2d,MG,Juiz de Fora,EVENTOS,5k-20k,30d,CURIOSO,2,1,1,0,929.1987426722222222,0
2ada61a8-b7aa-4ea9-bd84-1f8dec5c8deb,GO,Rio Verde,EVENTOS,5k-20k,30d,AQUECENDO,5,3,1,1,1302.6820757277777778,0
4041c3f8-77ed-409b-8496-7bced1f89d06,MG,Belo Horizonte,CAVALOS,5k-20k,30d,CURIOSO,1,1,0,0,2125.0987418388888889,0
bed4dae0-a0ef-4bd8-bb2c-8b3cc10b4728,GO,Goiania,CAVALOS,5k-20k,90d,ENVIADO,7,4,1,2,2164.6987415611111111,1
575d9d4e-b2cc-4af6-bdb5-25326d9a9352,SP,Sao Jose dos Campos,EQUIPAMENTOS,5k-20k,30d,CURIOSO,1,1,0,0,2101.1654071166666667,0
12a32c85-f645-43ba-9897-ec3d5734ec2d,MG,Juiz de Fora,CAVALOS,0-5k,7d,CURIOSO,2,2,0,0,304.8654068388888889,0
38e67f6c-6b27-4803-b77b-34f29990a5dd,MG,Montes Claros,EQUIPAMENTOS,60k+,90d,CURIOSO,2,2,0,0,2374.4654065611111111,0
13a7e479-f87d-4048-8f8b-1c65e4e9ddaa,GO,Aparecida de Goiania,EQUIPAMENTOS,0-5k,90d,CURIOSO,2,2,0,0,709.9154065611111111,0
37518a79-27ad-4e13-a07d-a33c3d1dd5fa,GO,Jatai,EQUIPAMENTOS,20k-60k,90d,QUALIFICADO,6,4,1,1,666.7654062833333333,1
ffdbf96a-cc84-4201-9bdd-440e68bc3771,MG,Juiz de Fora,SERVICOS,60k+,30d,CURIOSO,2,2,0,0,2845.0654057277777778,0
41ec9f84-a329-49d2-9024-2823dd65d9e8,GO,Aparecida de Goiania,EVENTOS,0-5k,90d,CURIOSO,1,1,0,0,2595.8820721166666667,0
5388d983-6a6b-4ffa-ae29-ae427be98da2,MG,Belo Horizonte,CAVALOS,5k-20k,90d,AQUECENDO,2,1,1,0,2243.5987385055555556,0
db3beab7-6c24-43a5-bb3c-0dac4a4d1b9b,SP,Campinas,EQUIPAMENTOS,5k-20k,30d,CURIOSO,1,1,0,0,1644.2320718388888889,0
84deaad7-e642-4e12-9805-8b07e635774e,MG,Uberlandia,CAVALOS,0-5k,30d,CURIOSO,3,2,1,0,592.3487382277777778,0
c358cd8f-583b-4187-ab39-972a9c81958b,GO,Goiania,EQUIPAMENTOS,0-5k,30d,QUALIFICADO,6,3,1,2,2022.7320712833333333,1
db3feb52-4919-41dd-a9e9-ff0d49cbb8ba,MG,Uberlandia,EVENTOS,60k+,90d,CURIOSO,2,2,0,0,2085.7154040611111111,0
ad7204ca-5826-458f-ab81-53612308cbc4,GO,Anapolis,SERVICOS,20k-60k,90d,AQUECENDO,5,3,1,1,671.9320704500000000,0
b182de47-9259-4861-bca5-bba1fe95d571,GO,Jatai,CAVALOS,0-5k,7d,AQUECENDO,2,1,1,0,1140.6487368388888889,0
d6ca8124-e4ca-49cf-8937-d0479f74985e,MG,Contagem,EQUIPAMENTOS,20k-60k,7d,CURIOSO,2,1,1,0,1552.2320698944444444,0
575ecefa-a7f3-4290-86ca-a66b3ded645f,GO,Aparecida de Goiania,EVENTOS,20k-60k,7d,CURIOSO,2,2,0,0,1691.8820696166666667,0
20c023e3-e782-45a0-ae2b-9072d11de11e,SP,Sao Jose dos Campos,SERVICOS,5k-20k,7d,QUALIFICADO,7,4,1,2,1021.2987360055555556,1
e4f654e9-6ab0-4667-b97b-cfbe77d90495,SP,Sorocaba,CAVALOS,60k+,7d,CURIOSO,2,1,1,0,1583.4320687833333333,0
b727511e-e6f6-4f08-9b41-cb9826211e4a,SP,Sao Jose dos Campos,SERVICOS,20k-60k,7d,AQUECENDO,3,1,1,1,1243.5987351722222222,0
88b169c1-cd3a-4187-a066-d43228b258b8,MG,Uberlandia,SERVICOS,0-5k,90d,CURIOSO,1,1,0,0,1653.4487348944444444,0
0f16787b-acc8-4299-8359-414aa8c27936,GO,Anapolis,EQUIPAMENTOS,20k-60k,30d,CURIOSO,1,1,0,0,861.8487348944444444,0
90f9dc65-59c5-4ff7-b8b9-394f3d4d33d1,SP,Ribeirao Preto,EQUIPAMENTOS,60k+,30d,AQUECENDO,4,3,1,0,1166.7320679500000000,0
7ced8361-aeb1-42d3-b9a1-856166e458b0,SP,Ribeirao Preto,EVENTOS,20k-60k,7d,AQUECENDO,3,2,1,0,1104.0320676722222222,0
96dd8f85-1b06-4c16-96ea-3f01479905b5,GO,Goiania,EVENTOS,0-5k,30d,AQUECENDO,3,1,1,1,538.5820673944444444,0
5b733cdc-df45-4e7a-9d6c-7b0d39b09402,MG,Belo Horizonte,EVENTOS,60k+,90d,AQUECENDO,3,1,1,1,581.9987337833333333,0
214b50be-edc8-4a31-9e2b-fa04e3c335d9,GO,Rio Verde,EVENTOS,20k-60k,30d,AQUECENDO,3,2,1,0,1738.4987332277777778,0
ccbf3777-7e2e-4ac7-a014-f3e71642b8a4,SP,Sao Jose dos Campos,CAVALOS,20k-60k,7d,CURIOSO,2,2,0,0,510.4820662833333333,0
ffa3da6f-552e-4cea-b311-159f8773e959,GO,Aparecida de Goiania,SERVICOS,5k-20k,90d,AQUECENDO,5,3,1,1,2518.2987326722222222,0
6451ae47-2a27-4263-9f8f-846e415fda27,SP,Ribeirao Preto,SERVICOS,60k+,90d,QUALIFICADO,5,3,1,1,2416.4987323944444444,1
df52ab50-d036-4de9-bef2-c398af64f6b6,GO,Rio Verde,EVENTOS,20k-60k,90d,CURIOSO,2,2,0,0,1897.8487318388888889,0
f2bd7c47-7068-47a6-b181-65388077a3f2,GO,Rio Verde,SERVICOS,60k+,7d,QUALIFICADO,8,5,1,2,709.6487318388888889,1
77b68d19-71ec-4af6-8e0d-ded82706522e,MG,Montes Claros,CAVALOS,20k-60k,7d,CURIOSO,2,1,1,0,2566.2153976722222222,0
636a213c-094b-476a-9c19-ea3edcf86f6d,SP,Campinas,EVENTOS,5k-20k,30d,QUALIFICADO,4,2,1,1,2557.2653976722222222,1
c1e14deb-af16-4708-afbb-890c679e46b0,MG,Juiz de Fora,SERVICOS,60k+,30d,AQUECENDO,5,3,1,1,2733.8487304500000000,0
47ebb858-b5e7-4442-a439-29b758c937c7,SP,Campinas,SERVICOS,5k-20k,7d,ENVIADO,7,4,1,2,2141.8820632277777778,1
85552fb0-abcf-41c3-9945-c7d7d9b81daf,GO,Jatai,SERVICOS,0-5k,7d,QUALIFICADO,6,3,1,2,2780.0320626722222222,1
a55298ab-882e-442b-97f3-fe694a4afe3d,GO,Anapolis,SERVICOS,20k-60k,90d,CURIOSO,2,2,0,0,1995.6820621166666667,0
d7f36d5f-c5d3-42da-87fe-f210691631fa,SP,Sorocaba,EVENTOS,20k-60k,7d,CURIOSO,1,1,0,0,2787.4987285055555556,0
299588e8-72d5-47f1-ba3f-6f67f388f68f,MG,Juiz de Fora,SERVICOS,20k-60k,90d,CURIOSO,1,1,0,0,1483.5987282277777778,0
a97a1111-c28a-465b-82f3-9cba3f5839ca,SP,Sao Paulo,SERVICOS,0-5k,90d,CURIOSO,2,2,0,0,2592.1987279500000000,0
bb067a49-c535-47b3-927b-2830725b1a1b,GO,Jatai,CAVALOS,5k-20k,90d,CURIOSO,2,1,1,0,1636.1820612833333333,0
256135da-5e84-44d5-85a4-17ae0ad71225,MG,Montes Claros,SERVICOS,60k+,30d,AQUECENDO,3,1,1,1,2734.2653943388888889,0
fd5d50c2-dc73-4b47-bd9f-3124aae64d80,MG,Contagem,SERVICOS,5k-20k,30d,CURIOSO,2,2,0,0,837.4987271166666667,0
cef46c23-0702-4598-be7a-c242ac7acff5,SP,Campinas,EQUIPAMENTOS,60k+,30d,AQUECENDO,2,1,1,0,1859.8487271166666667,0
0fdeccf9-618b-45f5-8c20-ba52781cf00b,SP,Sorocaba,CAVALOS,60k+,7d,AQUECENDO,4,3,1,0,2735.9153935055555556,0
f59cdce1-764f-49a8-a5bb-398520b88818,GO,Anapolis,EQUIPAMENTOS,0-5k,7d,QUALIFICADO,4,2,1,1,697.4987265611111111,1
a65aa716-7f18-4342-9e96-5de87eb23547,MG,Uberlandia,EQUIPAMENTOS,0-5k,90d,QUALIFICADO,8,5,1,2,2235.7987260055555556,1
4e722c9d-a921-4e45-b130-2d28c2bb14c1,SP,Sao Paulo,EVENTOS,5k-20k,90d,CURIOSO,2,2,0,0,1460.5653921166666667,0
665a0264-3689-4e0c-bb5d-57a464ba4c59,MG,Juiz de Fora,EQUIPAMENTOS,20k-60k,30d,AQUECENDO,3,1,1,1,518.5653918388888889,0
53ffcea7-ae19-4d36-b7c2-9dc1a85da84f,GO,Aparecida de Goiania,EQUIPAMENTOS,5k-20k,30d,QUALIFICADO,6,4,1,1,695.0653915611111111,1
3a23c4a6-b626-4319-9e4b-a3384202a4fe,GO,Goiania,CAVALOS,5k-20k,30d,QUALIFICADO,6,3,1,2,2051.6320576722222222,1
acde924a-a4d2-447e-9f51-1c03eeed6a1e,MG,Juiz de Fora,CAVALOS,5k-20k,7d,CURIOSO,2,2,0,0,1881.0487237833333333,0
1b7beebf-81b0-44e2-8245-48511db5a050,GO,Anapolis,CAVALOS,5k-20k,30d,CURIOSO,2,1,1,0,2670.0820571166666667,0
36a9a67d-e6f4-4ce6-aff5-2f824bbfa9df,GO,Anapolis,EVENTOS,0-5k,7d,AQUECENDO,3,2,1,0,1724.4153901722222222,0
824751cc-528c-445a-aef5-1af591ea5747,MG,Belo Horizonte,SERVICOS,0-5k,90d,CURIOSO,1,1,0,0,1334.8653898944444444,0
74d08673-5392-474e-b48b-c49aa420feab,SP,Campinas,SERVICOS,20k-60k,30d,AQUECENDO,5,3,1,1,36.3153896166666667,0
c368f419-c418-4ae1-b941-cd23fad8ba42,GO,Aparecida de Goiania,EVENTOS,60k+,30d,QUALIFICADO,6,3,1,2,441.9820557277777778,1
16905b3a-d500-4779-8b06-c127ed4ad0b1,GO,Jatai,EQUIPAMENTOS,20k-60k,7d,CURIOSO,1,1,0,0,2540.6820551722222222,0
cd884bff-d121-4a94-9299-6b8bedabe229,MG,Juiz de Fora,SERVICOS,60k+,90d,CURIOSO,1,1,0,0,2115.9820548944444444,0
45f041a4-b9bc-4b69-a346-df012bdae818,MG,Belo Horizonte,CAVALOS,60k+,7d,AQUECENDO,2,1,1,0,1606.7653882277777778,0
3baba2a5-8aa5-4c95-b378-dde11b52d78b,MG,Contagem,EVENTOS,5k-20k,30d,AQUECENDO,4,3,1,0,2349.3987212833333333,0
223280c1-791e-4b61-91e6-cd37ed6998ce,SP,Sao Paulo,SERVICOS,5k-20k,30d,CURIOSO,2,2,0,0,890.4320540611111111,0
941aeb42-0670-44f8-8d9f-d03126124c8e,MG,Uberlandia,EVENTOS,20k-60k,90d,QUALIFICADO,5,3,1,1,2882.3987204500000000,1
57e9eee1-dc69-41da-896a-5a35ee5706d2,SP,Sorocaba,SERVICOS,0-5k,90d,CURIOSO,2,2,0,0,1034.3320535055555556,0
61f59c9b-9558-4d90-80c5-aab3e6bdd819,GO,Aparecida de Goiania,EQUIPAMENTOS,5k-20k,30d,QUALIFICADO,6,3,1,2,1691.5987198944444444,1
ddfb288d-0f3a-4ef5-b23c-faf7c24e93f6,MG,Juiz de Fora,EQUIPAMENTOS,20k-60k,90d,CURIOSO,1,1,0,0,1420.9653860055555556,0
a746e3fa-edb9-456b-8422-667845b5c911,GO,Aparecida de Goiania,CAVALOS,60k+,90d,AQUECENDO,4,3,1,0,1847.3987190611111111,0
366a2f33-a98c-45e4-af82-498eb7274737,SP,Sao Jose dos Campos,EQUIPAMENTOS,20k-60k,7d,CURIOSO,1,1,0,0,1943.5320521166666667,0
394f1ba2-5207-48f0-bd38-df5b54606b54,SP,Ribeirao Preto,CAVALOS,20k-60k,7d,AQUECENDO,3,2,1,0,2383.2153854500000000,0
8d8b7d57-0189-4db1-97f3-2be819e80bc7,GO,Goiania,EQUIPAMENTOS,60k+,90d,QUALIFICADO,8,5,1,2,2279.1820518388888889,1
98797422-23a0-430d-84c7-7534bd10f51e,GO,Jatai,EVENTOS,20k-60k,90d,AQUECENDO,2,1,1,0,1593.3320510055555556,0
1a9cd841-a590-4549-9c41-4999a2a64f38,MG,Juiz de Fora,EVENTOS,0-5k,7d,CURIOSO,2,1,1,0,950.9153840611111111,0
4455b192-1b41-425a-bb03-6f1b1be5aed6,GO,Anapolis,EVENTOS,20k-60k,90d,AQUECENDO,3,2,1,0,1834.3987171166666667,0
5813cd46-83ab-441b-918d-993a570d7fdd,MG,Contagem,SERVICOS,20k-60k,7d,CURIOSO,2,2,0,0,2824.6987168388888889,0
f6050dd9-e15c-453f-a543-0361345e77f2,SP,Sao Jose dos Campos,EQUIPAMENTOS,20k-60k,90d,AQUECENDO,4,2,1,1,1947.5320498944444444,0
4364d9c3-4299-4907-85fa-4ffdde45db46,MG,Belo Horizonte,EQUIPAMENTOS,0-5k,90d,AQUECENDO,3,2,1,0,2628.9320496166666667,0
d84bb138-24ad-4d77-916b-9779f33f7a37,MG,Montes Claros,EQUIPAMENTOS,60k+,90d,AQUECENDO,5,3,1,1,379.3987160055555556,0
f4c24227-4107-4ec4-b540-8cf9febd0efd,GO,Aparecida de Goiania,CAVALOS,5k-20k,90d,QUALIFICADO,5,2,1,2,2143.4987154500000000,1
da35a75b-32a1-416d-ba6b-49b40cc26050,GO,Goiania,EQUIPAMENTOS,5k-20k,30d,CURIOSO,2,1,1,0,1668.1320485055555556,0
6eec1a2a-b816-4f79-889b-978ed264a71c,SP,Sorocaba,EQUIPAMENTOS,20k-60k,90d,CURIOSO,1,1,0,0,442.9653815611111111,0
3e339c53-366a-4f3b-b328-23ea66e3ee12,SP,Sao Jose dos Campos,EQUIPAMENTOS,20k-60k,30d,CURIOSO,2,2,0,0,1167.9987148944444444,0
429b2e4b-0c5e-40b8-9bff-9f69de301e59,GO,Jatai,EQUIPAMENTOS,5k-20k,30d,QUALIFICADO,7,4,1,2,1392.9653812833333333,1
ed278663-1f6a-4f2b-ba16-f1235aa3099d,SP,Ribeirao Preto,CAVALOS,60k+,90d,QUALIFICADO,6,3,1,2,79.5153804500000000,1
1340261a-89db-4ed8-b836-105f2ead8a2e,MG,Juiz de Fora,SERVICOS,0-5k,90d,CURIOSO,2,2,0,0,351.5820468388888889,0
3330c40f-5750-4417-9aad-9892cdacab01,GO,Goiania,EQUIPAMENTOS,60k+,7d,AQUECENDO,4,2,1,1,1499.8820465611111111,0
66ba8320-93d8-42a6-9d98-bccaecedd239,MG,Juiz de Fora,SERVICOS,20k-60k,30d,CURIOSO,2,2,0,0,969.2987126722222222,0
857c5b36-7704-4268-bd59-9b01f822e0e3,GO,Rio Verde,SERVICOS,0-5k,90d,QUALIFICADO,5,2,1,2,2865.5987123944444444,1
0878d505-fa75-4e18-a33c-f3fb307aed20,GO,Rio Verde,SERVICOS,5k-20k,90d,CURIOSO,2,1,1,0,530.9987118388888889,0
462f94e9-44bc-4220-ba1f-e836455e91da,SP,Campinas,EVENTOS,0-5k,7d,AQUECENDO,4,3,1,0,35.9487118388888889,0
2d12fff5-79af-430c-b64f-336247fdc422,SP,Campinas,SERVICOS,20k-60k,90d,QUALIFICADO,7,5,1,1,2783.7653779500000000,1
0315272a-e05f-482f-a751-aebf82724b58,SP,Sorocaba,EVENTOS,20k-60k,7d,CURIOSO,2,2,0,0,295.6820440611111111,0
1ba0ac07-c573-4a30-82b3-7595c95d00a5,GO,Jatai,SERVICOS,0-5k,30d,AQUECENDO,5,3,1,1,2206.8987104500000000,0
d7dff1f8-5f78-482e-b648-6843bc9830f5,SP,Sao Jose dos Campos,CAVALOS,5k-20k,7d,CURIOSO,3,2,1,0,2038.4987098944444444,0
8efb6356-bf35-433f-b939-8cda1ae8cb90,MG,Uberlandia,CAVALOS,0-5k,30d,CURIOSO,1,1,0,0,582.1987096166666667,0
dc2fa827-092f-4855-8fa3-f10444d206e1,GO,Goiania,EQUIPAMENTOS,0-5k,30d,CURIOSO,2,2,0,0,223.5653762833333333,0
2fa3a0da-f5e2-4b04-88cd-32e250dfad83,SP,Sao Paulo,EQUIPAMENTOS,0-5k,7d,CURIOSO,1,1,0,0,1357.5820426722222222,0
8d4b0156-bef7-46f4-b1df-5ed92a107764,SP,Sao Paulo,EVENTOS,0-5k,7d,CURIOSO,1,1,0,0,1726.3987090611111111,0
01f61f15-08bc-477a-8d5a-e457ca4f443f,GO,Anapolis,EQUIPAMENTOS,60k+,7d,CURIOSO,2,1,1,0,494.0487090611111111,0
abb72376-c386-48e4-a349-c473f94eebeb,GO,Rio Verde,SERVICOS,0-5k,90d,QUALIFICADO,5,3,1,1,1463.2153754500000000,1
fa51e9a8-2a8d-4f3d-875c-59944d59cc8e,MG,Contagem,SERVICOS,5k-20k,30d,AQUECENDO,3,1,1,1,1480.7820415611111111,0
d8f1647b-fbb2-45b8-9e9b-67f0ce5ac594,GO,Jatai,CAVALOS,20k-60k,90d,CURIOSO,2,1,1,0,2664.9987079500000000,0
dfbd0015-9a8c-4b50-bcd7-b4e4ba273760,GO,Aparecida de Goiania,EVENTOS,20k-60k,7d,CURIOSO,2,1,1,0,807.0320410055555556,0
637062dc-55da-46ed-9b24-e638a01e8b7d,SP,Sao Paulo,EVENTOS,20k-60k,7d,CURIOSO,1,1,0,0,2647.6487076722222222,0
b73aeae8-5e44-4267-81b9-a6dc2a5b3598,GO,Anapolis,CAVALOS,60k+,7d,CURIOSO,2,2,0,0,1015.5487073944444444,0
3c949982-da7c-4f63-8d95-789149f7b406,SP,Sao Paulo,EQUIPAMENTOS,60k+,90d,CURIOSO,2,1,1,0,986.8987071166666667,0
04f7291a-080f-424e-bc71-a86eb259f705,MG,Montes Claros,EQUIPAMENTOS,0-5k,90d,CURIOSO,3,2,1,0,167.5487068388888889,0
64fa56ee-6d2e-41a6-b2e2-f7cc0b9cf709,GO,Aparecida de Goiania,EQUIPAMENTOS,60k+,7d,CURIOSO,3,2,1,0,507.9487065611111111,0
60f39d99-595d-4983-913f-6de7998ae231,SP,Sao Jose dos Campos,EVENTOS,5k-20k,90d,CURIOSO,2,2,0,0,633.8820396166666667,0
713d8c91-8fab-41ee-b17c-052f94e7bfd8,MG,Uberlandia,EQUIPAMENTOS,5k-20k,7d,CURIOSO,2,2,0,0,1647.4320396166666667,0
8d8eab1d-945a-4e5e-b61f-00b7a41c217f,MG,Belo Horizonte,SERVICOS,5k-20k,90d,CURIOSO,1,1,0,0,94.4487060055555556,0
62944200-7ca5-4580-94aa-ccfc1a2be1cf,GO,Anapolis,CAVALOS,5k-20k,7d,CURIOSO,1,1,0,0,1619.9653723944444444,0
a0bb9161-de3d-4f3a-8bbf-54d4436bc7b9,GO,Jatai,EQUIPAMENTOS,20k-60k,90d,AQUECENDO,2,1,1,0,2743.7987057277777778,0
ae321009-695a-4ec5-8fd4-d7d049981a59,SP,Sao Jose dos Campos,EVENTOS,60k+,7d,AQUECENDO,5,3,1,1,2482.1153721166666667,0
f9de8353-9364-4c4a-baa2-987eea27ff04,GO,Goiania,SERVICOS,20k-60k,7d,CURIOSO,1,1,0,0,2066.4320382277777778,0
666da729-2f2f-4907-b077-69931f6beb2e,MG,Juiz de Fora,EQUIPAMENTOS,0-5k,30d,QUALIFICADO,7,5,1,1,1002.2153712833333333,1
ab98058e-754e-488b-abe8-0ea74a979395,GO,Rio Verde,CAVALOS,60k+,90d,CURIOSO,2,2,0,0,1592.1320373944444444,0
03e790f0-29dd-4795-b7f3-661acce09087,MG,Uberlandia,EQUIPAMENTOS,60k+,7d,CURIOSO,1,1,0,0,829.9153704500000000,0
71049dbe-4efb-45ea-bbcc-10016f123348,MG,Contagem,SERVICOS,5k-20k,30d,CURIOSO,2,1,1,0,1227.9653704500000000,0
8451b934-f32b-4b25-b533-1701c8cac893,MG,Juiz de Fora,EQUIPAMENTOS,5k-20k,30d,QUALIFICADO,7,4,1,2,1987.8153701722222222,1
41ebc710-8a39-4521-8eb4-1866bad76c2c,MG,Belo Horizonte,SERVICOS,5k-20k,90d,CURIOSO,1,1,0,0,2238.0153696166666667,0
7f5a08ca-0dbe-4ba0-8e62-f81926fcb537,SP,Sao Jose dos Campos,CAVALOS,5k-20k,7d,ENVIADO,6,3,1,2,2773.1487026722222222,1
aff67b3d-bbb1-4790-9a44-eed93885f9eb,SP,Sorocaba,CAVALOS,0-5k,30d,CURIOSO,3,2,1,0,111.1987023944444444,0
42d617ab-4b0f-481a-bfc3-014a48d73d14,MG,Uberlandia,CAVALOS,0-5k,7d,AQUECENDO,4,3,1,0,1256.6820354500000000,0
c75ff1ff-43fd-4ecc-a187-0d0fa51e42df,GO,Goiania,EVENTOS,5k-20k,7d,CURIOSO,2,1,1,0,2831.5987015611111111,0
4eb87986-3f99-4bb9-bd99-afa1934d7677,SP,Sao Paulo,CAVALOS,5k-20k,30d,CURIOSO,1,1,0,0,1014.4320346166666667,0
b79e3029-170a-4696-aec5-d2a46b157ae5,MG,Montes Claros,CAVALOS,20k-60k,7d,AQUECENDO,4,3,1,0,2341.6320346166666667,0
e6641d54-1e4a-43a7-9428-264ec12a6caa,SP,Sao Paulo,EQUIPAMENTOS,5k-20k,90d,CURIOSO,1,1,0,0,84.5153673944444444,0
d3c4187e-af86-4c10-a8c8-97161d2447c9,GO,Goiania,EQUIPAMENTOS,0-5k,90d,ENVIADO,8,5,1,2,2372.5653673944444444,1
959ac1ba-129d-4da7-a17a-94f05d347d16,SP,Campinas,EQUIPAMENTOS,20k-60k,30d,AQUECENDO,2,1,1,0,2746.5820332277777778,0
24ec5709-5306-4c2d-bbc2-3aaafc50667f,GO,Jatai,SERVICOS,5k-20k,90d,CURIOSO,2,2,0,0,1260.8320329500000000,0
b1385d5e-7a1c-4a76-a199-fef05d09e5d4,GO,Jatai,CAVALOS,0-5k,90d,AQUECENDO,2,1,1,0,1317.6653660055555556,0
53ae93e7-1252-4827-bba2-e01dff9934e3,SP,Campinas,CAVALOS,0-5k,30d,AQUECENDO,2,1,1,0,141.5820326722222222,0
04e4b140-655e-4128-87a6-1fc742eae571,SP,Campinas,EVENTOS,0-5k,30d,AQUECENDO,3,1,1,1,1100.6653657277777778,0
e6288a67-de9a-4bad-89d6-7e26834c19d5,MG,Uberlandia,EQUIPAMENTOS,0-5k,30d,AQUECENDO,4,3,1,0,685.1820321166666667,0
7c53ac3e-08be-41a9-a47f-ec010238e549,GO,Rio Verde,EQUIPAMENTOS,20k-60k,7d,CURIOSO,1,1,0,0,499.4153648944444444,0
0c0a658b-fc3c-4e0d-881f-9bd59c5d7a0e,MG,Montes Claros,EVENTOS,20k-60k,7d,QUALIFICADO,6,4,1,1,1303.3153648944444444,1
15ea8a56-52f8-4932-a89e-df9aa0c9e099,GO,Goiania,SERVICOS,20k-60k,90d,AQUECENDO,3,1,1,1,2819.8320310055555556,0
6eacd06a-f77c-4de4-b7c6-4bb8a91e17c9,SP,Sao Paulo,EQUIPAMENTOS,5k-20k,30d,AQUECENDO,4,2,1,1,355.0820307277777778,0
f1e9fcb9-e67d-42d8-8ed7-b28d61d87c76,GO,Aparecida de Goiania,EVENTOS,20k-60k,7d,CURIOSO,1,1,0,0,2525.9986968388888889,0
ebe8a4a4-5fae-479a-8af1-058f6a98f89b,MG,Juiz de Fora,CAVALOS,0-5k,7d,CURIOSO,1,1,0,0,1142.3153635055555556,0
26dc2470-5937-4a7d-b4cd-03a3a41d7817,MG,Montes Claros,EQUIPAMENTOS,5k-20k,7d,AQUECENDO,2,1,1,0,489.1153632277777778,0
3b9ac29c-894b-4f73-b2be-e42cd50b46e6,SP,Campinas,CAVALOS,5k-20k,30d,QUALIFICADO,7,5,1,1,1794.5653629500000000,1
18c81c4f-2f2d-4829-8037-9f75a6769d54,GO,Rio Verde,SERVICOS,60k+,7d,CURIOSO,2,2,0,0,2220.2320290611111111,0
9b6819fc-9128-471b-8b8a-6e9e3d2b550c,SP,Sao Jose dos Campos,EQUIPAMENTOS,0-5k,30d,CURIOSO,2,2,0,0,1866.1153621166666667,0
d63b51ef-8aa9-4221-bc6b-7a7dbe629f3d,SP,Sao Jose dos Campos,SERVICOS,5k-20k,90d,AQUECENDO,4,2,1,1,67.2320285055555556,0
95a1ae70-0d3e-4614-9cdb-f2ad9111523c,SP,Sorocaba,EVENTOS,5k-20k,30d,AQUECENDO,4,2,1,1,1991.9986948944444444,0
1bf76d83-811f-4139-a630-5e0393591b42,GO,Rio Verde,EQUIPAMENTOS,60k+,7d,AQUECENDO,3,1,1,1,1444.5653610055555556,0
72bcf19a-1ed6-40fc-b1ed-d3d77ec503f9,SP,Campinas,EVENTOS,20k-60k,30d,CURIOSO,2,2,0,0,1452.6820271166666667,0
5fd8db63-d677-4c74-88a4-825c730ea277,GO,Goiania,EQUIPAMENTOS,60k+,30d,CURIOSO,3,2,1,0,393.9486937833333333,0
cbc2ed95-a34f-47e8-98de-0d4609787d84,GO,Anapolis,SERVICOS,0-5k,90d,CURIOSO,2,2,0,0,1333.6653598944444444,0
812fc05c-1a9f-4cc6-bfec-e0cbc6e3ed84,SP,Sorocaba,EVENTOS,60k+,30d,AQUECENDO,3,1,1,1,2267.5486932277777778,0
493bfdaa-d847-4239-80d9-6fe27290391f,GO,Goiania,SERVICOS,20k-60k,90d,CURIOSO,1,1,0,0,1661.9486929500000000,0
ce040b07-842a-445d-802b-c9c29f30b6a3,SP,Sorocaba,CAVALOS,5k-20k,7d,AQUECENDO,4,3,1,0,2727.4153593388888889,0
41fe1fa5-3063-4293-b437-2a170833a136,SP,Sao Paulo,EVENTOS,60k+,7d,CURIOSO,2,2,0,0,2014.2153590611111111,0
0661887a-d2fc-4910-b8a3-e92b6239b00d,MG,Contagem,EQUIPAMENTOS,60k+,90d,CURIOSO,1,1,0,0,2393.3653587833333333,0
98a7bd5d-6a4e-48c2-893c-58d280dbe73c,SP,Ribeirao Preto,EQUIPAMENTOS,0-5k,30d,AQUECENDO,4,3,1,0,1221.1486918388888889,0
ef8f0f0c-cbee-426c-9627-31b0c991cd04,GO,Goiania,CAVALOS,0-5k,30d,CURIOSO,2,2,0,0,2537.5986915611111111,0
ceac1448-d7b2-4179-aabc-1ba701e2c999,GO,Aparecida de Goiania,CAVALOS,5k-20k,7d,AQUECENDO,4,3,1,0,327.6486912833333333,0
199fbcf5-3493-4c72-850f-3e9a7284e02a,MG,Juiz de Fora,EQUIPAMENTOS,5k-20k,7d,QUALIFICADO,8,5,1,2,2438.7986910055555556,1
51dc344c-3851-42c5-8920-1888c29fbd54,SP,Sao Paulo,EVENTOS,20k-60k,90d,CURIOSO,2,2,0,0,2294.9153571166666667,0
2790086d-2838-4d26-a202-0e50f237ad94,GO,Rio Verde,EVENTOS,0-5k,7d,CURIOSO,2,2,0,0,434.5486901722222222,0
d2e6b378-237d-4ede-b7a2-30025e4a8566,SP,Sao Paulo,EVENTOS,20k-60k,30d,CURIOSO,3,2,1,0,1746.1653565611111111,0
28a65ee4-8239-441d-b964-7894f0b28937,SP,Sorocaba,SERVICOS,0-5k,90d,CURIOSO,2,2,0,0,2428.5986896166666667,0
beb3b1b1-50c2-40cc-81e4-11ebe4d6bf52,GO,Anapolis,CAVALOS,5k-20k,30d,CURIOSO,3,2,1,0,1315.2153560055555556,0
d4c1103a-1f12-4f63-8dc2-1df8d1f091d7,MG,Contagem,EQUIPAMENTOS,60k+,7d,CURIOSO,1,1,0,0,2437.7320223944444444,0
d3eb0be7-8d09-4287-ab7a-addb4f8f006d,MG,Uberlandia,EQUIPAMENTOS,60k+,30d,CURIOSO,2,1,1,0,1004.7653554500000000,0
05f66245-b134-4a7b-b934-f1045d5bcd25,SP,Sao Jose dos Campos,CAVALOS,5k-20k,7d,CURIOSO,1,1,0,0,2565.8986885055555556,0
bf1df745-5478-4f10-b63b-8e3fab5cfad5,SP,Sao Paulo,SERVICOS,0-5k,90d,CURIOSO,2,2,0,0,1375.0653551722222222,0
064e8d19-4523-43ac-840e-fbcd4d47369f,SP,Sorocaba,CAVALOS,0-5k,30d,AQUECENDO,4,3,1,0,1537.5986882277777778,0
f62d52c3-5de9-46d1-b4e3-4433e42c65b1,SP,Sorocaba,EVENTOS,0-5k,90d,CURIOSO,2,2,0,0,2069.5820212833333333,0
12db9fbd-4605-4622-9d39-26fb819f50a1,MG,Contagem,EQUIPAMENTOS,5k-20k,30d,CURIOSO,1,1,0,0,956.8320210055555556,0
5b4bb5a5-6ada-4e20-9163-5ab4a257443d,GO,Goiania,CAVALOS,0-5k,7d,AQUECENDO,3,1,1,1,2420.2820207277777778,0
eb3c6bcb-f5cb-4c0d-ab6e-3e2de85714b2,MG,Contagem,EQUIPAMENTOS,5k-20k,30d,ENVIADO,5,2,1,2,106.9986871166666667,1
fe801525-e783-42e7-a5c4-91933cfacd45,SP,Campinas,EVENTOS,5k-20k,30d,AQUECENDO,4,2,1,1,983.0486868388888889,0
d9a1491d-ac37-49ed-9edb-048e6bfe0193,MG,Belo Horizonte,CAVALOS,20k-60k,30d,ENVIADO,8,5,1,2,1231.4320196166666667,1
08d23a00-76d2-4c8e-bdd1-0f12f2e8872d,GO,Anapolis,SERVICOS,20k-60k,7d,CURIOSO,1,1,0,0,2816.6153523944444444,0
d35aeba6-0406-4b48-bb2d-bc360a9fca30,MG,Belo Horizonte,CAVALOS,60k+,30d,QUALIFICADO,6,4,1,1,2510.0320187833333333,1
3c0925f4-0f3c-48ff-8460-5b021d614c36,MG,Montes Claros,EQUIPAMENTOS,5k-20k,7d,QUALIFICADO,5,3,1,1,587.1653515611111111,1
7a6642c7-2e79-497a-a286-e78059ec4c56,MG,Juiz de Fora,CAVALOS,20k-60k,30d,CURIOSO,1,1,0,0,2451.5653512833333333,0
c46f6718-1714-47ac-a51a-9e02ca2841af,SP,Ribeirao Preto,CAVALOS,60k+,30d,CURIOSO,3,2,1,0,735.5153510055555556,0
78fd12f2-ea99-4291-84f2-8474aebde8a5,GO,Jatai,EQUIPAMENTOS,60k+,30d,AQUECENDO,3,2,1,0,1480.9986840611111111,0
2a62a20f-f482-4ded-ace5-600a6116b313,MG,Juiz de Fora,EQUIPAMENTOS,60k+,7d,CURIOSO,1,1,0,0,520.6153504500000000,0
30efba1d-a009-49a8-95c3-b3496784bf87,GO,Aparecida de Goiania,SERVICOS,20k-60k,7d,AQUECENDO,3,2,1,0,2264.0820171166666667,0
cfae78f6-bf45-4c87-94a5-16b00a5c7c54,SP,Sao Jose dos Campos,SERVICOS,20k-60k,7d,AQUECENDO,3,2,1,0,566.2320165611111111,0
153045ac-91cc-4c4d-bddd-f0280f5ef106,GO,Jatai,CAVALOS,5k-20k,30d,AQUECENDO,5,3,1,1,1485.0986829500000000,0
06bb22a2-691a-4daa-ab61-012be1456c7d,MG,Juiz de Fora,CAVALOS,0-5k,90d,AQUECENDO,4,2,1,1,1933.4320160055555556,0
d33c014e-fe49-4b6f-b186-2a2823dd5f4c,GO,Aparecida de Goiania,CAVALOS,5k-20k,7d,CURIOSO,2,2,0,0,598.4486821166666667,0
5a21c6e1-b749-4204-a945-1ca90b58453d,MG,Uberlandia,SERVICOS,0-5k,7d,QUALIFICADO,5,3,1,1,1541.7653485055555556,1
4334d06e-f53b-40eb-b8d3-6cebcb8f6fe4,SP,Sao Paulo,EQUIPAMENTOS,20k-60k,30d,CURIOSO,2,2,0,0,1874.1153479500000000,0
8acadf88-6ce5-4480-b6c8-ee9fb3dae07d,SP,Sao Jose dos Campos,EQUIPAMENTOS,5k-20k,90d,CURIOSO,7,4,1,2,169.7821535055555556,0
