cnpj,uf,razao_social,nome_fantasia,municipio_cod,municipio_nome,cnae_principal,segmento,prioridade
12345678000190,SP,Haras Exemplo LTDA,Haras Exemplo,,Sao Paulo,0152-1/02,CAVALOS,1
16862858863977,MG,Parceiro Demo 1 LTDA,Parceiro Demo 1,,Uberlândia,9313-1/00,SERVICOS,1
13605362735169,MG,Parceiro Demo 10 LTDA,Parceiro Demo 10,,Belo Horizonte,8230-0/01,EVENTOS,1
16468704446293,MG,Parceiro Demo 100 LTDA,Parceiro Demo 100,,Belo Horizonte,0152-1/02,CAVALOS,1
10272714333738,MG,Parceiro Demo 1000 LTDA,Parceiro Demo 1000,,Belo Horizonte,0152-1/02,CAVALOS,1
10449795398677,GO,Parceiro Demo 101 LTDA,Parceiro Demo 101,,Anápolis,9313-1/00,SERVICOS,1
10446585159571,SP,Parceiro Demo 102 LTDA,Parceiro Demo 102,,Ribeirão Preto,8230-0/01,EVENTOS,1
14919813940032,GO,Parceiro Demo 11 LTDA,Parceiro Demo 11,,Anápolis,4647-8/01,EQUIPAMENTOS,1
16025883166039,GO,Parceiro Demo 110 LTDA,Parceiro Demo 110,,Goiânia,8230-0/01,EVENTOS,1
17363460136624,SP,Parceiro Demo 111 LTDA,Parceiro Demo 111,,Campinas,4647-8/01,EQUIPAMENTOS,1
16885739131410,MG,Parceiro Demo 112 LTDA,Parceiro Demo 112,,Juiz de Fora,0152-1/02,CAVALOS,1
16519498766660,SP,Parceiro Demo 12 LTDA,Parceiro Demo 12,,Ribeirão Preto,0152-1/02,CAVALOS,1
18417627467546,SP,Parceiro Demo 120 LTDA,Parceiro Demo 120,,São Paulo,0152-1/02,CAVALOS,1
11286767140540,MG,Parceiro Demo 121 LTDA,Parceiro Demo 121,,Uberlândia,9313-1/00,SERVICOS,1
15048233184430,GO,Parceiro Demo 122 LTDA,Parceiro Demo 122,,Rio Verde,8230-0/01,EVENTOS,1
18478895856275,MG,Parceiro Demo 130 LTDA,Parceiro Demo 130,,Belo Horizonte,8230-0/01,EVENTOS,1
12515439098077,GO,Parceiro Demo 131 LTDA,Parceiro Demo 131,,Anápolis,4647-8/01,EQUIPAMENTOS,1
14401528489519,SP,Parceiro Demo 132 LTDA,Parceiro Demo 132,,Ribeirão Preto,0152-1/02,CAVALOS,1
13513002909680,GO,Parceiro Demo 140 LTDA,Parceiro Demo 140,,Goiânia,0152-1/02,CAVALOS,1
17989143871760,SP,Parceiro Demo 141 LTDA,Parceiro Demo 141,,Campinas,9313-1/00,SERVICOS,1
18665778069261,MG,Parceiro Demo 142 LTDA,Parceiro Demo 142,,Juiz de Fora,8230-0/01,EVENTOS,1
16426378277735,SP,Parceiro Demo 150 LTDA,Parceiro Demo 150,,São Paulo,8230-0/01,EVENTOS,1
14864931827437,MG,Parceiro Demo 151 LTDA,Parceiro Demo 151,,Uberlândia,4647-8/01,EQUIPAMENTOS,1
12356037111939,GO,Parceiro Demo 152 LTDA,Parceiro Demo 152,,Rio Verde,0152-1/02,CAVALOS,1
16043063071655,MG,Parceiro Demo 160 LTDA,Parceiro Demo 160,,Belo Horizonte,0152-1/02,CAVALOS,1
14455099258963,GO,Parceiro Demo 161 LTDA,Parceiro Demo 161,,Anápolis,9313-1/00,SERVICOS,1
16455235380501,SP,Parceiro Demo 162 LTDA,Parceiro Demo 162,,Ribeirão Preto,8230-0/01,EVENTOS,1
14739741971879,GO,Parceiro Demo 170 LTDA,Parceiro Demo 170,,Goiânia,8230-0/01,EVENTOS,1
12721311563352,SP,Parceiro Demo 171 LTDA,Parceiro Demo 171,,Campinas,4647-8/01,EQUIPAMENTOS,1
17236895525457,MG,Parceiro Demo 172 LTDA,Parceiro Demo 172,,Juiz de Fora,0152-1/02,CAVALOS,1
13878875163521,SP,Parceiro Demo 180 LTDA,Parceiro Demo 180,,São Paulo,0152-1/02,CAVALOS,1
13259418089165,MG,Parceiro Demo 181 LTDA,Parceiro Demo 181,,Uberlândia,9313-1/00,SERVICOS,1
17912981274392,GO,Parceiro Demo 182 LTDA,Parceiro Demo 182,,Rio Verde,8230-0/01,EVENTOS,1
15099773971479,MG,Parceiro Demo 190 LTDA,Parceiro Demo 190,,Belo Horizonte,8230-0/01,EVENTOS,1
12155847370538,GO,Parceiro Demo 191 LTDA,Parceiro Demo 191,,Anápolis,4647-8/01,EQUIPAMENTOS,1
10453023423749,SP,Parceiro Demo 192 LTDA,Parceiro Demo 192,,Ribeirão Preto,0152-1/02,CAVALOS,1
11120371574170,GO,Parceiro Demo 2 LTDA,Parceiro Demo 2,,Rio Verde,8230-0/01,EVENTOS,1
10650786511248,GO,Parceiro Demo 20 LTDA,Parceiro Demo 20,,Goiânia,0152-1/02,CAVALOS,1
13017275597128,GO,Parceiro Demo 200 LTDA,Parceiro Demo 200,,Goiânia,0152-1/02,CAVALOS,1
12115542601351,SP,Parceiro Demo 201 LTDA,Parceiro Demo 201,,Campinas,9313-1/00,SERVICOS,1
14974060544631,MG,Parceiro Demo 202 LTDA,Parceiro Demo 202,,Juiz de Fora,8230-0/01,EVENTOS,1
16587028350034,SP,Parceiro Demo 21 LTDA,Parceiro Demo 21,,Campinas,9313-1/00,SERVICOS,1
15148622348846,SP,Parceiro Demo 210 LTDA,Parceiro Demo 210,,São Paulo,8230-0/01,EVENTOS,1
18974518674403,MG,Parceiro Demo 211 LTDA,Parceiro Demo 211,,Uberlândia,4647-8/01,EQUIPAMENTOS,1
18196512865635,GO,Parceiro Demo 212 LTDA,Parceiro Demo 212,,Rio Verde,0152-1/02,CAVALOS,1
18392895504465,MG,Parceiro Demo 22 LTDA,Parceiro Demo 22,,Juiz de Fora,8230-0/01,EVENTOS,1
18355134194181,MG,Parceiro Demo 220 LTDA,Parceiro Demo 220,,Belo Horizonte,0152-1/02,CAVALOS,1
11104594241194,GO,Parceiro Demo 221 LTDA,Parceiro Demo 221,,Anápolis,9313-1/00,SERVICOS,1
16454624022380,SP,Parceiro Demo 222 LTDA,Parceiro Demo 222,,Ribeirão Preto,8230-0/01,EVENTOS,1
15553063989228,GO,Parceiro Demo 230 LTDA,Parceiro Demo 230,,Goiânia,8230-0/01,EVENTOS,1
14897377847835,SP,Parceiro Demo 231 LTDA,Parceiro Demo 231,,Campinas,4647-8/01,EQUIPAMENTOS,1
13586951560776,MG,Parceiro Demo 232 LTDA,Parceiro Demo 232,,Juiz de Fora,0152-1/02,CAVALOS,1
17544289152110,SP,Parceiro Demo 240 LTDA,Parceiro Demo 240,,São Paulo,0152-1/02,CAVALOS,1
15886860006980,MG,Parceiro Demo 241 LTDA,Parceiro Demo 241,,Uberlândia,9313-1/00,SERVICOS,1
17136361841024,GO,Parceiro Demo 242 LTDA,Parceiro Demo 242,,Rio Verde,8230-0/01,EVENTOS,1
14200737082620,MG,Parceiro Demo 250 LTDA,Parceiro Demo 250,,Belo Horizonte,8230-0/01,EVENTOS,1
16595765368886,GO,Parceiro Demo 251 LTDA,Parceiro Demo 251,,Anápolis,4647-8/01,EQUIPAMENTOS,1
12505095700149,SP,Parceiro Demo 252 LTDA,Parceiro Demo 252,,Ribeirão Preto,0152-1/02,CAVALOS,1
18578678328483,GO,Parceiro Demo 260 LTDA,Parceiro Demo 260,,Goiânia,0152-1/02,CAVALOS,1
13693909886997,SP,Parceiro Demo 261 LTDA,Parceiro Demo 261,,Campinas,9313-1/00,SERVICOS,1
13785291285650,MG,Parceiro Demo 262 LTDA,Parceiro Demo 262,,Juiz de Fora,8230-0/01,EVENTOS,1
13150273047648,SP,Parceiro Demo 270 LTDA,Parceiro Demo 270,,São Paulo,8230-0/01,EVENTOS,1
11897766262645,MG,Parceiro Demo 271 LTDA,Parceiro Demo 271,,Uberlândia,4647-8/01,EQUIPAMENTOS,1
10477638202323,GO,Parceiro Demo 272 LTDA,Parceiro Demo 272,,Rio Verde,0152-1/02,CAVALOS,1
15876361676680,MG,Parceiro Demo 280 LTDA,Parceiro Demo 280,,Belo Horizonte,0152-1/02,CAVALOS,1
11923947889130,GO,Parceiro Demo 281 LTDA,Parceiro Demo 281,,Anápolis,9313-1/00,SERVICOS,1
17241217620969,SP,Parceiro Demo 282 LTDA,Parceiro Demo 282,,Ribeirão Preto,8230-0/01,EVENTOS,1
11957864821330,GO,Parceiro Demo 290 LTDA,Parceiro Demo 290,,Goiânia,8230-0/01,EVENTOS,1
18236526000869,SP,Parceiro Demo 291 LTDA,Parceiro Demo 291,,Campinas,4647-8/01,EQUIPAMENTOS,1
16563198804793,MG,Parceiro Demo 292 LTDA,Parceiro Demo 292,,Juiz de Fora,0152-1/02,CAVALOS,1
15848460414165,SP,Parceiro Demo 30 LTDA,Parceiro Demo 30,,São Paulo,8230-0/01,EVENTOS,1
11962522866242,SP,Parceiro Demo 300 LTDA,Parceiro Demo 300,,São Paulo,0152-1/02,CAVALOS,1
18276646924451,MG,Parceiro Demo 301 LTDA,Parceiro Demo 301,,Uberlândia,9313-1/00,SERVICOS,1
11610547143864,GO,Parceiro Demo 302 LTDA,Parceiro Demo 302,,Rio Verde,8230-0/01,EVENTOS,1
10862471558412,MG,Parceiro Demo 31 LTDA,Parceiro Demo 31,,Uberlândia,4647-8/01,EQUIPAMENTOS,1
14414217919673,MG,Parceiro Demo 310 LTDA,Parceiro Demo 310,,Belo Horizonte,8230-0/01,EVENTOS,1
12477642678068,GO,Parceiro Demo 311 LTDA,Parceiro Demo 311,,Anápolis,4647-8/01,EQUIPAMENTOS,1
18544009634463,SP,Parceiro Demo 312 LTDA,Parceiro Demo 312,,Ribeirão Preto,0152-1/02,CAVALOS,1
13704779613001,GO,Parceiro Demo 32 LTDA,Parceiro Demo 32,,Rio Verde,0152-1/02,CAVALOS,1
13453171495222,GO,Parceiro Demo 320 LTDA,Parceiro Demo 320,,Goiânia,0152-1/02,CAVALOS,1
13958868107196,SP,Parceiro Demo 321 LTDA,Parceiro Demo 321,,Campinas,9313-1/00,SERVICOS,1
12906867276521,MG,Parceiro Demo 322 LTDA,Parceiro Demo 322,,Juiz de Fora,8230-0/01,EVENTOS,1
13641340472932,SP,Parceiro Demo 330 LTDA,Parceiro Demo 330,,São Paulo,8230-0/01,EVENTOS,1
12041057485228,MG,Parceiro Demo 331 LTDA,Parceiro Demo 331,,Uberlândia,4647-8/01,EQUIPAMENTOS,1
17881333370892,GO,Parceiro Demo 332 LTDA,Parceiro Demo 332,,Rio Verde,0152-1/02,CAVALOS,1
16178132830008,MG,Parceiro Demo 340 LTDA,Parceiro Demo 340,,Belo Horizonte,0152-1/02,CAVALOS,1
10115602430837,GO,Parceiro Demo 341 LTDA,Parceiro Demo 341,,Anápolis,9313-1/00,SERVICOS,1
10525617083307,SP,Parceiro Demo 342 LTDA,Parceiro Demo 342,,Ribeirão Preto,8230-0/01,EVENTOS,1
12006957990244,GO,Parceiro Demo 350 LTDA,Parceiro Demo 350,,Goiânia,8230-0/01,EVENTOS,1
14168765738918,SP,Parceiro Demo 351 LTDA,Parceiro Demo 351,,Campinas,4647-8/01,EQUIPAMENTOS,1
13714278596726,MG,Parceiro Demo 352 LTDA,Parceiro Demo 352,,Juiz de Fora,0152-1/02,CAVALOS,1
17413324396778,SP,Parceiro Demo 360 LTDA,Parceiro Demo 360,,São Paulo,0152-1/02,CAVALOS,1
18693026595913,MG,Parceiro Demo 361 LTDA,Parceiro Demo 361,,Uberlândia,9313-1/00,SERVICOS,1
14544709689199,GO,Parceiro Demo 362 LTDA,Parceiro Demo 362,,Rio Verde,8230-0/01,EVENTOS,1
10839820924007,MG,Parceiro Demo 370 LTDA,Parceiro Demo 370,,Belo Horizonte,8230-0/01,EVENTOS,1
16803975248740,GO,Parceiro Demo 371 LTDA,Parceiro Demo 371,,Anápolis,4647-8/01,EQUIPAMENTOS,1
12303044612705,SP,Parceiro Demo 372 LTDA,Parceiro Demo 372,,Ribeirão Preto,0152-1/02,CAVALOS,1
14692884037491,GO,Parceiro Demo 380 LTDA,Parceiro Demo 380,,Goiânia,0152-1/02,CAVALOS,1
12745443336971,SP,Parceiro Demo 381 LTDA,Parceiro Demo 381,,Campinas,9313-1/00,SERVICOS,1
16922484213408,MG,Parceiro Demo 382 LTDA,Parceiro Demo 382,,Juiz de Fora,8230-0/01,EVENTOS,1
18145355222184,SP,Parceiro Demo 390 LTDA,Parceiro Demo 390,,São Paulo,8230-0/01,EVENTOS,1
12686302946511,MG,Parceiro Demo 391 LTDA,Parceiro Demo 391,,Uberlândia,4647-8/01,EQUIPAMENTOS,1
12321822384445,GO,Parceiro Demo 392 LTDA,Parceiro Demo 392,,Rio Verde,0152-1/02,CAVALOS,1
12217714212370,MG,Parceiro Demo 40 LTDA,Parceiro Demo 40,,Belo Horizonte,0152-1/02,CAVALOS,1
11039518615061,MG,Parceiro Demo 400 LTDA,Parceiro Demo 400,,Belo Horizonte,0152-1/02,CAVALOS,1
12978659053914,GO,Parceiro Demo 401 LTDA,Parceiro Demo 401,,Anápolis,9313-1/00,SERVICOS,1
15372736984652,SP,Parceiro Demo 402 LTDA,Parceiro Demo 402,,Ribeirão Preto,8230-0/01,EVENTOS,1
10373717928370,GO,Parceiro Demo 41 LTDA,Parceiro Demo 41,,Anápolis,9313-1/00,SERVICOS,1
14314205009870,GO,Parceiro Demo 410 LTDA,Parceiro Demo 410,,Goiânia,8230-0/01,EVENTOS,1
14796205706379,SP,Parceiro Demo 411 LTDA,Parceiro Demo 411,,Campinas,4647-8/01,EQUIPAMENTOS,1
13969292563418,MG,Parceiro Demo 412 LTDA,Parceiro Demo 412,,Juiz de Fora,0152-1/02,CAVALOS,1
14005256617713,SP,Parceiro Demo 42 LTDA,Parceiro Demo 42,,Ribeirão Preto,8230-0/01,EVENTOS,1
12425616842078,SP,Parceiro Demo 420 LTDA,Parceiro Demo 420,,São Paulo,0152-1/02,CAVALOS,1
15900925800836,MG,Parceiro Demo 421 LTDA,Parceiro Demo 421,,Uberlândia,9313-1/00,SERVICOS,1
13554592412540,GO,Parceiro Demo 422 LTDA,Parceiro Demo 422,,Rio Verde,8230-0/01,EVENTOS,1
14141674545847,MG,Parceiro Demo 430 LTDA,Parceiro Demo 430,,Belo Horizonte,8230-0/01,EVENTOS,1
15268699602332,GO,Parceiro Demo 431 LTDA,Parceiro Demo 431,,Anápolis,4647-8/01,EQUIPAMENTOS,1
11034761066983,SP,Parceiro Demo 432 LTDA,Parceiro Demo 432,,Ribeirão Preto,0152-1/02,CAVALOS,1
11424255476768,GO,Parceiro Demo 440 LTDA,Parceiro Demo 440,,Goiânia,0152-1/02,CAVALOS,1
13027507908747,SP,Parceiro Demo 441 LTDA,Parceiro Demo 441,,Campinas,9313-1/00,SERVICOS,1
10981098049772,MG,Parceiro Demo 442 LTDA,Parceiro Demo 442,,Juiz de Fora,8230-0/01,EVENTOS,1
18236753275214,SP,Parceiro Demo 450 LTDA,Parceiro Demo 450,,São Paulo,8230-0/01,EVENTOS,1
12558017615731,MG,Parceiro Demo 451 LTDA,Parceiro Demo 451,,Uberlândia,4647-8/01,EQUIPAMENTOS,1
12876407642534,GO,Parceiro Demo 452 LTDA,Parceiro Demo 452,,Rio Verde,0152-1/02,CAVALOS,1
10806059613208,MG,Parceiro Demo 460 LTDA,Parceiro Demo 460,,Belo Horizonte,0152-1/02,CAVALOS,1
17847131393477,GO,Parceiro Demo 461 LTDA,Parceiro Demo 461,,Anápolis,9313-1/00,SERVICOS,1
15449133085307,SP,Parceiro Demo 462 LTDA,Parceiro Demo 462,,Ribeirão Preto,8230-0/01,EVENTOS,1
12824707598428,GO,Parceiro Demo 470 LTDA,Parceiro Demo 470,,Goiânia,8230-0/01,EVENTOS,1
18606119355925,SP,Parceiro Demo 471 LTDA,Parceiro Demo 471,,Campinas,4647-8/01,EQUIPAMENTOS,1
10561903537266,MG,Parceiro Demo 472 LTDA,Parceiro Demo 472,,Juiz de Fora,0152-1/02,CAVALOS,1
12830593184548,SP,Parceiro Demo 480 LTDA,Parceiro Demo 480,,São Paulo,0152-1/02,CAVALOS,1
13348965347131,MG,Parceiro Demo 481 LTDA,Parceiro Demo 481,,Uberlândia,9313-1/00,SERVICOS,1
12232788457577,GO,Parceiro Demo 482 LTDA,Parceiro Demo 482,,Rio Verde,8230-0/01,EVENTOS,1
12778239759855,MG,Parceiro Demo 490 LTDA,Parceiro Demo 490,,Belo Horizonte,8230-0/01,EVENTOS,1
14574069083188,GO,Parceiro Demo 491 LTDA,Parceiro Demo 491,,Anápolis,4647-8/01,EQUIPAMENTOS,1
16662854115610,SP,Parceiro Demo 492 LTDA,Parceiro Demo 492,,Ribeirão Preto,0152-1/02,CAVALOS,1
10934812160587,GO,Parceiro Demo 50 LTDA,Parceiro Demo 50,,Goiânia,8230-0/01,EVENTOS,1
17971427850548,GO,Parceiro Demo 500 LTDA,Parceiro Demo 500,,Goiânia,0152-1/02,CAVALOS,1
10312003658539,SP,Parceiro Demo 501 LTDA,Parceiro Demo 501,,Campinas,9313-1/00,SERVICOS,1
17354699964370,MG,Parceiro Demo 502 LTDA,Parceiro Demo 502,,Juiz de Fora,8230-0/01,EVENTOS,1
18069387052627,SP,Parceiro Demo 51 LTDA,Parceiro Demo 51,,Campinas,4647-8/01,EQUIPAMENTOS,1
12607822311471,SP,Parceiro Demo 510 LTDA,Parceiro Demo 510,,São Paulo,8230-0/01,EVENTOS,1
14636640303907,MG,Parceiro Demo 511 LTDA,Parceiro Demo 511,,Uberlândia,4647-8/01,EQUIPAMENTOS,1
11821359719078,GO,Parceiro Demo 512 LTDA,Parceiro Demo 512,,Rio Verde,0152-1/02,CAVALOS,1
15265641688150,MG,Parceiro Demo 52 LTDA,Parceiro Demo 52,,Juiz de Fora,0152-1/02,CAVALOS,1
16839298379644,MG,Parceiro Demo 520 LTDA,Parceiro Demo 520,,Belo Horizonte,0152-1/02,CAVALOS,1
17310791555642,GO,Parceiro Demo 521 LTDA,Parceiro Demo 521,,Anápolis,9313-1/00,SERVICOS,1
14457559146388,SP,Parceiro Demo 522 LTDA,Parceiro Demo 522,,Ribeirão Preto,8230-0/01,EVENTOS,1
12350412415406,GO,Parceiro Demo 530 LTDA,Parceiro Demo 530,,Goiânia,8230-0/01,EVENTOS,1
13489075971842,SP,Parceiro Demo 531 LTDA,Parceiro Demo 531,,Campinas,4647-8/01,EQUIPAMENTOS,1
15584190320720,MG,Parceiro Demo 532 LTDA,Parceiro Demo 532,,Juiz de Fora,0152-1/02,CAVALOS,1
13469194371535,SP,Parceiro Demo 540 LTDA,Parceiro Demo 540,,São Paulo,0152-1/02,CAVALOS,1
11989714589278,MG,Parceiro Demo 541 LTDA,Parceiro Demo 541,,Uberlândia,9313-1/00,SERVICOS,1
15476289220583,GO,Parceiro Demo 542 LTDA,Parceiro Demo 542,,Rio Verde,8230-0/01,EVENTOS,1
18422312457113,MG,Parceiro Demo 550 LTDA,Parceiro Demo 550,,Belo Horizonte,8230-0/01,EVENTOS,1
15299832865096,GO,Parceiro Demo 551 LTDA,Parceiro Demo 551,,Anápolis,4647-8/01,EQUIPAMENTOS,1
13293303349071,SP,Parceiro Demo 552 LTDA,Parceiro Demo 552,,Ribeirão Preto,0152-1/02,CAVALOS,1
14546090649282,GO,Parceiro Demo 560 LTDA,Parceiro Demo 560,,Goiânia,0152-1/02,CAVALOS,1
12589977104919,SP,Parceiro Demo 561 LTDA,Parceiro Demo 561,,Campinas,9313-1/00,SERVICOS,1
14162144585934,MG,Parceiro Demo 562 LTDA,Parceiro Demo 562,,Juiz de Fora,8230-0/01,EVENTOS,1
12344952680696,SP,Parceiro Demo 570 LTDA,Parceiro Demo 570,,São Paulo,8230-0/01,EVENTOS,1
10865475298232,MG,Parceiro Demo 571 LTDA,Parceiro Demo 571,,Uberlândia,4647-8/01,EQUIPAMENTOS,1
18567049326328,GO,Parceiro Demo 572 LTDA,Parceiro Demo 572,,Rio Verde,0152-1/02,CAVALOS,1
15967128401411,MG,Parceiro Demo 580 LTDA,Parceiro Demo 580,,Belo Horizonte,0152-1/02,CAVALOS,1
17662765525813,GO,Parceiro Demo 581 LTDA,Parceiro Demo 581,,Anápolis,9313-1/00,SERVICOS,1
10482847581456,SP,Parceiro Demo 582 LTDA,Parceiro Demo 582,,Ribeirão Preto,8230-0/01,EVENTOS,1
13188957124204,GO,Parceiro Demo 590 LTDA,Parceiro Demo 590,,Goiânia,8230-0/01,EVENTOS,1
10655026114658,SP,Parceiro Demo 591 LTDA,Parceiro Demo 591,,Campinas,4647-8/01,EQUIPAMENTOS,1
16626553109073,MG,Parceiro Demo 592 LTDA,Parceiro Demo 592,,Juiz de Fora,0152-1/02,CAVALOS,1
15697742860437,SP,Parceiro Demo 60 LTDA,Parceiro Demo 60,,São Paulo,0152-1/02,CAVALOS,1
12313785926259,SP,Parceiro Demo 600 LTDA,Parceiro Demo 600,,São Paulo,0152-1/02,CAVALOS,1
14882778937997,MG,Parceiro Demo 601 LTDA,Parceiro Demo 601,,Uberlândia,9313-1/00,SERVICOS,1
12141939112520,GO,Parceiro Demo 602 LTDA,Parceiro Demo 602,,Rio Verde,8230-0/01,EVENTOS,1
15325242926564,MG,Parceiro Demo 61 LTDA,Parceiro Demo 61,,Uberlândia,9313-1/00,SERVICOS,1
14387652104847,MG,Parceiro Demo 610 LTDA,Parceiro Demo 610,,Belo Horizonte,8230-0/01,EVENTOS,1
15588765598604,GO,Parceiro Demo 611 LTDA,Parceiro Demo 611,,Anápolis,4647-8/01,EQUIPAMENTOS,1
15441082405082,SP,Parceiro Demo 612 LTDA,Parceiro Demo 612,,Ribeirão Preto,0152-1/02,CAVALOS,1
16072639459795,GO,Parceiro Demo 62 LTDA,Parceiro Demo 62,,Rio Verde,8230-0/01,EVENTOS,1
16765340946126,GO,Parceiro Demo 620 LTDA,Parceiro Demo 620,,Goiânia,0152-1/02,CAVALOS,1
15397386661388,SP,Parceiro Demo 621 LTDA,Parceiro Demo 621,,Campinas,9313-1/00,SERVICOS,1
11472434360061,MG,Parceiro Demo 622 LTDA,Parceiro Demo 622,,Juiz de Fora,8230-0/01,EVENTOS,1
18903836737037,SP,Parceiro Demo 630 LTDA,Parceiro Demo 630,,São Paulo,8230-0/01,EVENTOS,1
17544691850831,MG,Parceiro Demo 631 LTDA,Parceiro Demo 631,,Uberlândia,4647-8/01,EQUIPAMENTOS,1
14692052349485,GO,Parceiro Demo 632 LTDA,Parceiro Demo 632,,Rio Verde,0152-1/02,CAVALOS,1
11544829103149,MG,Parceiro Demo 640 LTDA,Parceiro Demo 640,,Belo Horizonte,0152-1/02,CAVALOS,1
12669086578414,GO,Parceiro Demo 641 LTDA,Parceiro Demo 641,,Anápolis,9313-1/00,SERVICOS,1
11717801427689,SP,Parceiro Demo 642 LTDA,Parceiro Demo 642,,Ribeirão Preto,8230-0/01,EVENTOS,1
14549534621043,GO,Parceiro Demo 650 LTDA,Parceiro Demo 650,,Goiânia,8230-0/01,EVENTOS,1
17723694813163,SP,Parceiro Demo 651 LTDA,Parceiro Demo 651,,Campinas,4647-8/01,EQUIPAMENTOS,1
16927577329845,MG,Parceiro Demo 652 LTDA,Parceiro Demo 652,,Juiz de Fora,0152-1/02,CAVALOS,1
11209952985470,SP,Parceiro Demo 660 LTDA,Parceiro Demo 660,,São Paulo,0152-1/02,CAVALOS,1
15527286112695,MG,Parceiro Demo 661 LTDA,Parceiro Demo 661,,Uberlândia,9313-1/00,SERVICOS,1
11018174600961,GO,Parceiro Demo 662 LTDA,Parceiro Demo 662,,Rio Verde,8230-0/01,EVENTOS,1
12797138885567,MG,Parceiro Demo 670 LTDA,Parceiro Demo 670,,Belo Horizonte,8230-0/01,EVENTOS,1
17425366184544,GO,Parceiro Demo 671 LTDA,Parceiro Demo 671,,Anápolis,4647-8/01,EQUIPAMENTOS,1
10504422077278,SP,Parceiro Demo 672 LTDA,Parceiro Demo 672,,Ribeirão Preto,0152-1/02,CAVALOS,1
14720016947599,GO,Parceiro Demo 680 LTDA,Parceiro Demo 680,,Goiânia,0152-1/02,CAVALOS,1
13557664783406,SP,Parceiro Demo 681 LTDA,Parceiro Demo 681,,Campinas,9313-1/00,SERVICOS,1
16541840377394,MG,Parceiro Demo 682 LTDA,Parceiro Demo 682,,Juiz de Fora,8230-0/01,EVENTOS,1
16082135684842,SP,Parceiro Demo 690 LTDA,Parceiro Demo 690,,São Paulo,8230-0/01,EVENTOS,1
10060937835531,MG,Parceiro Demo 691 LTDA,Parceiro Demo 691,,Uberlândia,4647-8/01,EQUIPAMENTOS,1
11925037176495,GO,Parceiro Demo 692 LTDA,Parceiro Demo 692,,Rio Verde,0152-1/02,CAVALOS,1
17852835609391,MG,Parceiro Demo 70 LTDA,Parceiro Demo 70,,Belo Horizonte,8230-0/01,EVENTOS,1
11863358384158,MG,Parceiro Demo 700 LTDA,Parceiro Demo 700,,Belo Horizonte,0152-1/02,CAVALOS,1
11294349966776,GO,Parceiro Demo 701 LTDA,Parceiro Demo 701,,Anápolis,9313-1/00,SERVICOS,1
13238483791643,SP,Parceiro Demo 702 LTDA,Parceiro Demo 702,,Ribeirão Preto,8230-0/01,EVENTOS,1
15319592188414,GO,Parceiro Demo 71 LTDA,Parceiro Demo 71,,Anápolis,4647-8/01,EQUIPAMENTOS,1
13201179955998,GO,Parceiro Demo 710 LTDA,Parceiro Demo 710,,Goiânia,8230-0/01,EVENTOS,1
13479194996293,SP,Parceiro Demo 711 LTDA,Parceiro Demo 711,,Campinas,4647-8/01,EQUIPAMENTOS,1
14851469654923,MG,Parceiro Demo 712 LTDA,Parceiro Demo 712,,Juiz de Fora,0152-1/02,CAVALOS,1
17060059150487,SP,Parceiro Demo 72 LTDA,Parceiro Demo 72,,Ribeirão Preto,0152-1/02,CAVALOS,1
12983972774059,SP,Parceiro Demo 720 LTDA,Parceiro Demo 720,,São Paulo,0152-1/02,CAVALOS,1
11626485460814,MG,Parceiro Demo 721 LTDA,Parceiro Demo 721,,Uberlândia,9313-1/00,SERVICOS,1
16376850991241,GO,Parceiro Demo 722 LTDA,Parceiro Demo 722,,Rio Verde,8230-0/01,EVENTOS,1
14550981124701,MG,Parceiro Demo 730 LTDA,Parceiro Demo 730,,Belo Horizonte,8230-0/01,EVENTOS,1
18828687418627,GO,Parceiro Demo 731 LTDA,Parceiro Demo 731,,Anápolis,4647-8/01,EQUIPAMENTOS,1
14021403247561,SP,Parceiro Demo 732 LTDA,Parceiro Demo 732,,Ribeirão Preto,0152-1/02,CAVALOS,1
17989417341357,GO,Parceiro Demo 740 LTDA,Parceiro Demo 740,,Goiânia,0152-1/02,CAVALOS,1
12203936252001,SP,Parceiro Demo 741 LTDA,Parceiro Demo 741,,Campinas,9313-1/00,SERVICOS,1
18751062395883,MG,Parceiro Demo 742 LTDA,Parceiro Demo 742,,Juiz de Fora,8230-0/01,EVENTOS,1
15460358479286,SP,Parceiro Demo 750 LTDA,Parceiro Demo 750,,São Paulo,8230-0/01,EVENTOS,1
11357854243927,MG,Parceiro Demo 751 LTDA,Parceiro Demo 751,,Uberlândia,4647-8/01,EQUIPAMENTOS,1
15650778065114,GO,Parceiro Demo 752 LTDA,Parceiro Demo 752,,Rio Verde,0152-1/02,CAVALOS,1
16536526920068,MG,Parceiro Demo 760 LTDA,Parceiro Demo 760,,Belo Horizonte,0152-1/02,CAVALOS,1
12017003337486,GO,Parceiro Demo 761 LTDA,Parceiro Demo 761,,Anápolis,9313-1/00,SERVICOS,1
18684451071731,SP,Parceiro Demo 762 LTDA,Parceiro Demo 762,,Ribeirão Preto,8230-0/01,EVENTOS,1
13678182478022,GO,Parceiro Demo 770 LTDA,Parceiro Demo 770,,Goiânia,8230-0/01,EVENTOS,1
16040706629496,SP,Parceiro Demo 771 LTDA,Parceiro Demo 771,,Campinas,4647-8/01,EQUIPAMENTOS,1
10115987881633,MG,Parceiro Demo 772 LTDA,Parceiro Demo 772,,Juiz de Fora,0152-1/02,CAVALOS,1
11313863765621,SP,Parceiro Demo 780 LTDA,Parceiro Demo 780,,São Paulo,0152-1/02,CAVALOS,1
12584518774260,MG,Parceiro Demo 781 LTDA,Parceiro Demo 781,,Uberlândia,9313-1/00,SERVICOS,1
14940417546583,GO,Parceiro Demo 782 LTDA,Parceiro Demo 782,,Rio Verde,8230-0/01,EVENTOS,1
18187135312102,MG,Parceiro Demo 790 LTDA,Parceiro Demo 790,,Belo Horizonte,8230-0/01,EVENTOS,1
17405351099308,GO,Parceiro Demo 791 LTDA,Parceiro Demo 791,,Anápolis,4647-8/01,EQUIPAMENTOS,1
15948330394233,SP,Parceiro Demo 792 LTDA,Parceiro Demo 792,,Ribeirão Preto,0152-1/02,CAVALOS,1
16755673669743,GO,Parceiro Demo 80 LTDA,Parceiro Demo 80,,Goiânia,0152-1/02,CAVALOS,1
14329469016705,GO,Parceiro Demo 800 LTDA,Parceiro Demo 800,,Goiânia,0152-1/02,CAVALOS,1
10687303013014,SP,Parceiro Demo 801 LTDA,Parceiro Demo 801,,Campinas,9313-1/00,SERVICOS,1
12018515437213,MG,Parceiro Demo 802 LTDA,Parceiro Demo 802,,Juiz de Fora,8230-0/01,EVENTOS,1
11086842601698,SP,Parceiro Demo 81 LTDA,Parceiro Demo 81,,Campinas,9313-1/00,SERVICOS,1
18473318970297,SP,Parceiro Demo 810 LTDA,Parceiro Demo 810,,São Paulo,8230-0/01,EVENTOS,1
16071000555570,MG,Parceiro Demo 811 LTDA,Parceiro Demo 811,,Uberlândia,4647-8/01,EQUIPAMENTOS,1
14613428988758,GO,Parceiro Demo 812 LTDA,Parceiro Demo 812,,Rio Verde,0152-1/02,CAVALOS,1
14835467916535,MG,Parceiro Demo 82 LTDA,Parceiro Demo 82,,Juiz de Fora,8230-0/01,EVENTOS,1
17085205073634,MG,Parceiro Demo 820 LTDA,Parceiro Demo 820,,Belo Horizonte,0152-1/02,CAVALOS,1
13725434041478,GO,Parceiro Demo 821 LTDA,Parceiro Demo 821,,Anápolis,9313-1/00,SERVICOS,1
17041729750221,SP,Parceiro Demo 822 LTDA,Parceiro Demo 822,,Ribeirão Preto,8230-0/01,EVENTOS,1
10985105001197,GO,Parceiro Demo 830 LTDA,Parceiro Demo 830,,Goiânia,8230-0/01,EVENTOS,1
17150625606255,SP,Parceiro Demo 831 LTDA,Parceiro Demo 831,,Campinas,4647-8/01,EQUIPAMENTOS,1
17291088545823,MG,Parceiro Demo 832 LTDA,Parceiro Demo 832,,Juiz de Fora,0152-1/02,CAVALOS,1
10810420667803,SP,Parceiro Demo 840 LTDA,Parceiro Demo 840,,São Paulo,0152-1/02,CAVALOS,1
15610194939268,MG,Parceiro Demo 841 LTDA,Parceiro Demo 841,,Uberlândia,9313-1/00,SERVICOS,1
15164573726392,GO,Parceiro Demo 842 LTDA,Parceiro Demo 842,,Rio Verde,8230-0/01,EVENTOS,1
16964408750093,MG,Parceiro Demo 850 LTDA,Parceiro Demo 850,,Belo Horizonte,8230-0/01,EVENTOS,1
16668025569186,GO,Parceiro Demo 851 LTDA,Parceiro Demo 851,,Anápolis,4647-8/01,EQUIPAMENTOS,1
12178242150738,SP,Parceiro Demo 852 LTDA,Parceiro Demo 852,,Ribeirão Preto,0152-1/02,CAVALOS,1
15067386891377,GO,Parceiro Demo 860 LTDA,Parceiro Demo 860,,Goiânia,0152-1/02,CAVALOS,1
11376051173088,SP,Parceiro Demo 861 LTDA,Parceiro Demo 861,,Campinas,9313-1/00,SERVICOS,1
18131133944242,MG,Parceiro Demo 862 LTDA,Parceiro Demo 862,,Juiz de Fora,8230-0/01,EVENTOS,1
17432369519139,SP,Parceiro Demo 870 LTDA,Parceiro Demo 870,,São Paulo,8230-0/01,EVENTOS,1
18153713354846,MG,Parceiro Demo 871 LTDA,Parceiro Demo 871,,Uberlândia,4647-8/01,EQUIPAMENTOS,1
11523065189516,GO,Parceiro Demo 872 LTDA,Parceiro Demo 872,,Rio Verde,0152-1/02,CAVALOS,1
15805723195999,MG,Parceiro Demo 880 LTDA,Parceiro Demo 880,,Belo Horizonte,0152-1/02,CAVALOS,1
14768831443077,GO,Parceiro Demo 881 LTDA,Parceiro Demo 881,,Anápolis,9313-1/00,SERVICOS,1
15412157868168,SP,Parceiro Demo 882 LTDA,Parceiro Demo 882,,Ribeirão Preto,8230-0/01,EVENTOS,1
16805817486484,GO,Parceiro Demo 890 LTDA,Parceiro Demo 890,,Goiânia,8230-0/01,EVENTOS,1
18084964742148,SP,Parceiro Demo 891 LTDA,Parceiro Demo 891,,Campinas,4647-8/01,EQUIPAMENTOS,1
13717314801742,MG,Parceiro Demo 892 LTDA,Parceiro Demo 892,,Juiz de Fora,0152-1/02,CAVALOS,1
13134048642379,SP,Parceiro Demo 90 LTDA,Parceiro Demo 90,,São Paulo,8230-0/01,EVENTOS,1
17412041920039,SP,Parceiro Demo 900 LTDA,Parceiro Demo 900,,São Paulo,0152-1/02,CAVALOS,1
15879637583715,MG,Parceiro Demo 901 LTDA,Parceiro Demo 901,,Uberlândia,9313-1/00,SERVICOS,1
16353743846676,GO,Parceiro Demo 902 LTDA,Parceiro Demo 902,,Rio Verde,8230-0/01,EVENTOS,1
15733676249106,MG,Parceiro Demo 91 LTDA,Parceiro Demo 91,,Uberlândia,4647-8/01,EQUIPAMENTOS,1
13738559699286,MG,Parceiro Demo 910 LTDA,Parceiro Demo 910,,Belo Horizonte,8230-0/01,EVENTOS,1
16885725599790,GO,Parceiro Demo 911 LTDA,Parceiro Demo 911,,Anápolis,4647-8/01,EQUIPAMENTOS,1
17202506644752,SP,Parceiro Demo 912 LTDA,Parceiro Demo 912,,Ribeirão Preto,0152-1/02,CAVALOS,1
13221456797985,GO,Parceiro Demo 92 LTDA,Parceiro Demo 92,,Rio Verde,0152-1/02,CAVALOS,1
13029138984568,GO,Parceiro Demo 920 LTDA,Parceiro Demo 920,,Goiânia,0152-1/02,CAVALOS,1
12520519437720,SP,Parceiro Demo 921 LTDA,Parceiro Demo 921,,Campinas,9313-1/00,SERVICOS,1
12494151637614,MG,Parceiro Demo 922 LTDA,Parceiro Demo 922,,Juiz de Fora,8230-0/01,EVENTOS,1
18141464945602,SP,Parceiro Demo 930 LTDA,Parceiro Demo 930,,São Paulo,8230-0/01,EVENTOS,1
15909037551545,MG,Parceiro Demo 931 LTDA,Parceiro Demo 931,,Uberlândia,4647-8/01,EQUIPAMENTOS,1
16690899848362,GO,Parceiro Demo 932 LTDA,Parceiro Demo 932,,Rio Verde,0152-1/02,CAVALOS,1
13432397005886,MG,Parceiro Demo 940 LTDA,Parceiro Demo 940,,Belo Horizonte,0152-1/02,CAVALOS,1
10148371380422,GO,Parceiro Demo 941 LTDA,Parceiro Demo 941,,Anápolis,9313-1/00,SERVICOS,1
10221142433059,SP,Parceiro Demo 942 LTDA,Parceiro Demo 942,,Ribeirão Preto,8230-0/01,EVENTOS,1
10948931042847,GO,Parceiro Demo 950 LTDA,Parceiro Demo 950,,Goiânia,8230-0/01,EVENTOS,1
11231034268440,SP,Parceiro Demo 951 LTDA,Parceiro Demo 951,,Campinas,4647-8/01,EQUIPAMENTOS,1
11453293638074,MG,Parceiro Demo 952 LTDA,Parceiro Demo 952,,Juiz de Fora,0152-1/02,CAVALOS,1
12392650479277,SP,Parceiro Demo 960 LTDA,Parceiro Demo 960,,São Paulo,0152-1/02,CAVALOS,1
17211975013479,MG,Parceiro Demo 961 LTDA,Parceiro Demo 961,,Uberlândia,9313-1/00,SERVICOS,1
17453677306459,GO,Parceiro Demo 962 LTDA,Parceiro Demo 962,,Rio Verde,8230-0/01,EVENTOS,1
17560133603990,MG,Parceiro Demo 970 LTDA,Parceiro Demo 970,,Belo Horizonte,8230-0/01,EVENTOS,1
10648308540651,GO,Parceiro Demo 971 LTDA,Parceiro Demo 971,,Anápolis,4647-8/01,EQUIPAMENTOS,1
18369041176269,SP,Parceiro Demo 972 LTDA,Parceiro Demo 972,,Ribeirão Preto,0152-1/02,CAVALOS,1
18357619483165,GO,Parceiro Demo 980 LTDA,Parceiro Demo 980,,Goiânia,0152-1/02,CAVALOS,1
11606746641559,SP,Parceiro Demo 981 LTDA,Parceiro Demo 981,,Campinas,9313-1/00,SERVICOS,1
16292413968878,MG,Parceiro Demo 982 LTDA,Parceiro Demo 982,,Juiz de Fora,8230-0/01,EVENTOS,1
18455093269511,SP,Parceiro Demo 990 LTDA,Parceiro Demo 990,,São Paulo,8230-0/01,EVENTOS,1
11544433076630,MG,Parceiro Demo 991 LTDA,Parceiro Demo 991,,Uberlândia,4647-8/01,EQUIPAMENTOS,1
12060496306626,GO,Parceiro Demo 992 LTDA,Parceiro Demo 992,,Rio Verde,0152-1/02,CAVALOS,1
16455801129702,MG,Parceiro Demo 103 LTDA,Parceiro Demo 103,,Montes Claros,4647-8/01,EQUIPAMENTOS,2
11705426442619,GO,Parceiro Demo 104 LTDA,Parceiro Demo 104,,Aparecida de Goiânia,0152-1/02,CAVALOS,2
15548266066405,SP,Parceiro Demo 105 LTDA,Parceiro Demo 105,,São Paulo,9313-1/00,SERVICOS,2
18974131692473,MG,Parceiro Demo 106 LTDA,Parceiro Demo 106,,Uberlândia,8230-0/01,EVENTOS,2
11353137378676,GO,Parceiro Demo 113 LTDA,Parceiro Demo 113,,Jataí,9313-1/00,SERVICOS,2
17705286066122,SP,Parceiro Demo 114 LTDA,Parceiro Demo 114,,São José do Rio Preto,8230-0/01,EVENTOS,2
13366629253393,MG,Parceiro Demo 115 LTDA,Parceiro Demo 115,,Belo Horizonte,4647-8/01,EQUIPAMENTOS,2
16575003280589,GO,Parceiro Demo 116 LTDA,Parceiro Demo 116,,Anápolis,0152-1/02,CAVALOS,2
10768263708076,SP,Parceiro Demo 123 LTDA,Parceiro Demo 123,,Sorocaba,4647-8/01,EQUIPAMENTOS,2
17712470930844,MG,Parceiro Demo 124 LTDA,Parceiro Demo 124,,Contagem,0152-1/02,CAVALOS,2
17636125064831,GO,Parceiro Demo 125 LTDA,Parceiro Demo 125,,Goiânia,9313-1/00,SERVICOS,2
10019255598475,SP,Parceiro Demo 126 LTDA,Parceiro Demo 126,,Campinas,8230-0/01,EVENTOS,2
12407318520153,MG,Parceiro Demo 13 LTDA,Parceiro Demo 13,,Montes Claros,9313-1/00,SERVICOS,2
10295267273346,MG,Parceiro Demo 133 LTDA,Parceiro Demo 133,,Montes Claros,9313-1/00,SERVICOS,2
14214690640005,GO,Parceiro Demo 134 LTDA,Parceiro Demo 134,,Aparecida de Goiânia,8230-0/01,EVENTOS,2
16575387725573,SP,Parceiro Demo 135 LTDA,Parceiro Demo 135,,São Paulo,4647-8/01,EQUIPAMENTOS,2
14282164083970,MG,Parceiro Demo 136 LTDA,Parceiro Demo 136,,Uberlândia,0152-1/02,CAVALOS,2
10727094930033,GO,Parceiro Demo 14 LTDA,Parceiro Demo 14,,Aparecida de Goiânia,8230-0/01,EVENTOS,2
13530512671648,GO,Parceiro Demo 143 LTDA,Parceiro Demo 143,,Jataí,4647-8/01,EQUIPAMENTOS,2
11002340470509,SP,Parceiro Demo 144 LTDA,Parceiro Demo 144,,São José do Rio Preto,0152-1/02,CAVALOS,2
18590557061938,MG,Parceiro Demo 145 LTDA,Parceiro Demo 145,,Belo Horizonte,9313-1/00,SERVICOS,2
15966930675330,GO,Parceiro Demo 146 LTDA,Parceiro Demo 146,,Anápolis,8230-0/01,EVENTOS,2
18529186728608,SP,Parceiro Demo 15 LTDA,Parceiro Demo 15,,São Paulo,4647-8/01,EQUIPAMENTOS,2
11124840955921,SP,Parceiro Demo 153 LTDA,Parceiro Demo 153,,Sorocaba,9313-1/00,SERVICOS,2
11276720802746,MG,Parceiro Demo 154 LTDA,Parceiro Demo 154,,Contagem,8230-0/01,EVENTOS,2
11555070175848,GO,Parceiro Demo 155 LTDA,Parceiro Demo 155,,Goiânia,4647-8/01,EQUIPAMENTOS,2
17149232100978,SP,Parceiro Demo 156 LTDA,Parceiro Demo 156,,Campinas,0152-1/02,CAVALOS,2
18775572546879,MG,Parceiro Demo 16 LTDA,Parceiro Demo 16,,Uberlândia,0152-1/02,CAVALOS,2
18267539695402,MG,Parceiro Demo 163 LTDA,Parceiro Demo 163,,Montes Claros,4647-8/01,EQUIPAMENTOS,2
11942350073184,GO,Parceiro Demo 164 LTDA,Parceiro Demo 164,,Aparecida de Goiânia,0152-1/02,CAVALOS,2
14756764032154,SP,Parceiro Demo 165 LTDA,Parceiro Demo 165,,São Paulo,9313-1/00,SERVICOS,2
16423335175129,MG,Parceiro Demo 166 LTDA,Parceiro Demo 166,,Uberlândia,8230-0/01,EVENTOS,2
13149289138519,GO,Parceiro Demo 173 LTDA,Parceiro Demo 173,,Jataí,9313-1/00,SERVICOS,2
11608343563251,SP,Parceiro Demo 174 LTDA,Parceiro Demo 174,,São José do Rio Preto,8230-0/01,EVENTOS,2
18815945565551,MG,Parceiro Demo 175 LTDA,Parceiro Demo 175,,Belo Horizonte,4647-8/01,EQUIPAMENTOS,2
13551565867023,GO,Parceiro Demo 176 LTDA,Parceiro Demo 176,,Anápolis,0152-1/02,CAVALOS,2
15006346400922,SP,Parceiro Demo 183 LTDA,Parceiro Demo 183,,Sorocaba,4647-8/01,EQUIPAMENTOS,2
16816358980050,MG,Parceiro Demo 184 LTDA,Parceiro Demo 184,,Contagem,0152-1/02,CAVALOS,2
13938735042731,GO,Parceiro Demo 185 LTDA,Parceiro Demo 185,,Goiânia,9313-1/00,SERVICOS,2
11637231696845,SP,Parceiro Demo 186 LTDA,Parceiro Demo 186,,Campinas,8230-0/01,EVENTOS,2
10999136722051,MG,Parceiro Demo 193 LTDA,Parceiro Demo 193,,Montes Claros,9313-1/00,SERVICOS,2
15726306947838,GO,Parceiro Demo 194 LTDA,Parceiro Demo 194,,Aparecida de Goiânia,8230-0/01,EVENTOS,2
16119466965557,SP,Parceiro Demo 195 LTDA,Parceiro Demo 195,,São Paulo,4647-8/01,EQUIPAMENTOS,2
12904381123549,MG,Parceiro Demo 196 LTDA,Parceiro Demo 196,,Uberlândia,0152-1/02,CAVALOS,2
11021504713965,GO,Parceiro Demo 203 LTDA,Parceiro Demo 203,,Jataí,4647-8/01,EQUIPAMENTOS,2
12943806328985,SP,Parceiro Demo 204 LTDA,Parceiro Demo 204,,São José do Rio Preto,0152-1/02,CAVALOS,2
14502014737991,MG,Parceiro Demo 205 LTDA,Parceiro Demo 205,,Belo Horizonte,9313-1/00,SERVICOS,2
11818443776543,GO,Parceiro Demo 206 LTDA,Parceiro Demo 206,,Anápolis,8230-0/01,EVENTOS,2
10002198396344,SP,Parceiro Demo 213 LTDA,Parceiro Demo 213,,Sorocaba,9313-1/00,SERVICOS,2
12644319813025,MG,Parceiro Demo 214 LTDA,Parceiro Demo 214,,Contagem,8230-0/01,EVENTOS,2
10622234518214,GO,Parceiro Demo 215 LTDA,Parceiro Demo 215,,Goiânia,4647-8/01,EQUIPAMENTOS,2
16753548380129,SP,Parceiro Demo 216 LTDA,Parceiro Demo 216,,Campinas,0152-1/02,CAVALOS,2
17791269992095,MG,Parceiro Demo 223 LTDA,Parceiro Demo 223,,Montes Claros,4647-8/01,EQUIPAMENTOS,2
12023700452961,GO,Parceiro Demo 224 LTDA,Parceiro Demo 224,,Aparecida de Goiânia,0152-1/02,CAVALOS,2
12282505630023,SP,Parceiro Demo 225 LTDA,Parceiro Demo 225,,São Paulo,9313-1/00,SERVICOS,2
15676583114257,MG,Parceiro Demo 226 LTDA,Parceiro Demo 226,,Uberlândia,8230-0/01,EVENTOS,2
11134507917120,GO,Parceiro Demo 23 LTDA,Parceiro Demo 23,,Jataí,4647-8/01,EQUIPAMENTOS,2
10857531815047,GO,Parceiro Demo 233 LTDA,Parceiro Demo 233,,Jataí,9313-1/00,SERVICOS,2
17438175588413,SP,Parceiro Demo 234 LTDA,Parceiro Demo 234,,São José do Rio Preto,8230-0/01,EVENTOS,2
14447264241776,MG,Parceiro Demo 235 LTDA,Parceiro Demo 235,,Belo Horizonte,4647-8/01,EQUIPAMENTOS,2
12590597020809,GO,Parceiro Demo 236 LTDA,Parceiro Demo 236,,Anápolis,0152-1/02,CAVALOS,2
12508335056940,SP,Parceiro Demo 24 LTDA,Parceiro Demo 24,,São José do Rio Preto,0152-1/02,CAVALOS,2
13026065461847,SP,Parceiro Demo 243 LTDA,Parceiro Demo 243,,Sorocaba,4647-8/01,EQUIPAMENTOS,2
18904612216498,MG,Parceiro Demo 244 LTDA,Parceiro Demo 244,,Contagem,0152-1/02,CAVALOS,2
15393846389101,GO,Parceiro Demo 245 LTDA,Parceiro Demo 245,,Goiânia,9313-1/00,SERVICOS,2
17362282659466,SP,Parceiro Demo 246 LTDA,Parceiro Demo 246,,Campinas,8230-0/01,EVENTOS,2
12431323292341,MG,Parceiro Demo 25 LTDA,Parceiro Demo 25,,Belo Horizonte,9313-1/00,SERVICOS,2
14949952647282,MG,Parceiro Demo 253 LTDA,Parceiro Demo 253,,Montes Claros,9313-1/00,SERVICOS,2
12865415008422,GO,Parceiro Demo 254 LTDA,Parceiro Demo 254,,Aparecida de Goiânia,8230-0/01,EVENTOS,2
10663064784912,SP,Parceiro Demo 255 LTDA,Parceiro Demo 255,,São Paulo,4647-8/01,EQUIPAMENTOS,2
11797713071828,MG,Parceiro Demo 256 LTDA,Parceiro Demo 256,,Uberlândia,0152-1/02,CAVALOS,2
13926271405835,GO,Parceiro Demo 26 LTDA,Parceiro Demo 26,,Anápolis,8230-0/01,EVENTOS,2
16615465063614,GO,Parceiro Demo 263 LTDA,Parceiro Demo 263,,Jataí,4647-8/01,EQUIPAMENTOS,2
17148096493072,SP,Parceiro Demo 264 LTDA,Parceiro Demo 264,,São José do Rio Preto,0152-1/02,CAVALOS,2
14786161123334,MG,Parceiro Demo 265 LTDA,Parceiro Demo 265,,Belo Horizonte,9313-1/00,SERVICOS,2
15909812710540,GO,Parceiro Demo 266 LTDA,Parceiro Demo 266,,Anápolis,8230-0/01,EVENTOS,2
10222164373282,SP,Parceiro Demo 273 LTDA,Parceiro Demo 273,,Sorocaba,9313-1/00,SERVICOS,2
12231846824251,MG,Parceiro Demo 274 LTDA,Parceiro Demo 274,,Contagem,8230-0/01,EVENTOS,2
13754611873769,GO,Parceiro Demo 275 LTDA,Parceiro Demo 275,,Goiânia,4647-8/01,EQUIPAMENTOS,2
12017071052913,SP,Parceiro Demo 276 LTDA,Parceiro Demo 276,,Campinas,0152-1/02,CAVALOS,2
18929561836217,MG,Parceiro Demo 283 LTDA,Parceiro Demo 283,,Montes Claros,4647-8/01,EQUIPAMENTOS,2
10415301940114,GO,Parceiro Demo 284 LTDA,Parceiro Demo 284,,Aparecida de Goiânia,0152-1/02,CAVALOS,2
11053408491509,SP,Parceiro Demo 285 LTDA,Parceiro Demo 285,,São Paulo,9313-1/00,SERVICOS,2
17527681993694,MG,Parceiro Demo 286 LTDA,Parceiro Demo 286,,Uberlândia,8230-0/01,EVENTOS,2
15411828525524,GO,Parceiro Demo 293 LTDA,Parceiro Demo 293,,Jataí,9313-1/00,SERVICOS,2
18272882099684,SP,Parceiro Demo 294 LTDA,Parceiro Demo 294,,São José do Rio Preto,8230-0/01,EVENTOS,2
12333540833365,MG,Parceiro Demo 295 LTDA,Parceiro Demo 295,,Belo Horizonte,4647-8/01,EQUIPAMENTOS,2
18647613035018,GO,Parceiro Demo 296 LTDA,Parceiro Demo 296,,Anápolis,0152-1/02,CAVALOS,2
15505248163981,SP,Parceiro Demo 3 LTDA,Parceiro Demo 3,,Sorocaba,4647-8/01,EQUIPAMENTOS,2
15837924799659,SP,Parceiro Demo 303 LTDA,Parceiro Demo 303,,Sorocaba,4647-8/01,EQUIPAMENTOS,2
11610065075751,MG,Parceiro Demo 304 LTDA,Parceiro Demo 304,,Contagem,0152-1/02,CAVALOS,2
18058856364436,GO,Parceiro Demo 305 LTDA,Parceiro Demo 305,,Goiânia,9313-1/00,SERVICOS,2
16275923809731,SP,Parceiro Demo 306 LTDA,Parceiro Demo 306,,Campinas,8230-0/01,EVENTOS,2
11953838532410,MG,Parceiro Demo 313 LTDA,Parceiro Demo 313,,Montes Claros,9313-1/00,SERVICOS,2
14417113844714,GO,Parceiro Demo 314 LTDA,Parceiro Demo 314,,Aparecida de Goiânia,8230-0/01,EVENTOS,2
13738765772014,SP,Parceiro Demo 315 LTDA,Parceiro Demo 315,,São Paulo,4647-8/01,EQUIPAMENTOS,2
13276798334843,MG,Parceiro Demo 316 LTDA,Parceiro Demo 316,,Uberlândia,0152-1/02,CAVALOS,2
13766838095475,GO,Parceiro Demo 323 LTDA,Parceiro Demo 323,,Jataí,4647-8/01,EQUIPAMENTOS,2
10147048037740,SP,Parceiro Demo 324 LTDA,Parceiro Demo 324,,São José do Rio Preto,0152-1/02,CAVALOS,2
10814967993679,MG,Parceiro Demo 325 LTDA,Parceiro Demo 325,,Belo Horizonte,9313-1/00,SERVICOS,2
12646197314251,GO,Parceiro Demo 326 LTDA,Parceiro Demo 326,,Anápolis,8230-0/01,EVENTOS,2
16052424324186,SP,Parceiro Demo 33 LTDA,Parceiro Demo 33,,Sorocaba,9313-1/00,SERVICOS,2
12774858524272,SP,Parceiro Demo 333 LTDA,Parceiro Demo 333,,Sorocaba,9313-1/00,SERVICOS,2
16750074983765,MG,Parceiro Demo 334 LTDA,Parceiro Demo 334,,Contagem,8230-0/01,EVENTOS,2
14995988671931,GO,Parceiro Demo 335 LTDA,Parceiro Demo 335,,Goiânia,4647-8/01,EQUIPAMENTOS,2
13230884048426,SP,Parceiro Demo 336 LTDA,Parceiro Demo 336,,Campinas,0152-1/02,CAVALOS,2
14359833168275,MG,Parceiro Demo 34 LTDA,Parceiro Demo 34,,Contagem,8230-0/01,EVENTOS,2
10362907553472,MG,Parceiro Demo 343 LTDA,Parceiro Demo 343,,Montes Claros,4647-8/01,EQUIPAMENTOS,2
11621174128235,GO,Parceiro Demo 344 LTDA,Parceiro Demo 344,,Aparecida de Goiânia,0152-1/02,CAVALOS,2
17499482597499,SP,Parceiro Demo 345 LTDA,Parceiro Demo 345,,São Paulo,9313-1/00,SERVICOS,2
18441431587013,MG,Parceiro Demo 346 LTDA,Parceiro Demo 346,,Uberlândia,8230-0/01,EVENTOS,2
11934568773869,GO,Parceiro Demo 35 LTDA,Parceiro Demo 35,,Goiânia,4647-8/01,EQUIPAMENTOS,2
18621711271054,GO,Parceiro Demo 353 LTDA,Parceiro Demo 353,,Jataí,9313-1/00,SERVICOS,2
10341451898262,SP,Parceiro Demo 354 LTDA,Parceiro Demo 354,,São José do Rio Preto,8230-0/01,EVENTOS,2
11210012181829,MG,Parceiro Demo 355 LTDA,Parceiro Demo 355,,Belo Horizonte,4647-8/01,EQUIPAMENTOS,2
11478057909794,GO,Parceiro Demo 356 LTDA,Parceiro Demo 356,,Anápolis,0152-1/02,CAVALOS,2
16386756962421,SP,Parceiro Demo 36 LTDA,Parceiro Demo 36,,Campinas,0152-1/02,CAVALOS,2
11420764962147,SP,Parceiro Demo 363 LTDA,Parceiro Demo 363,,Sorocaba,4647-8/01,EQUIPAMENTOS,2
11074041432606,MG,Parceiro Demo 364 LTDA,Parceiro Demo 364,,Contagem,0152-1/02,CAVALOS,2
15748332516822,GO,Parceiro Demo 365 LTDA,Parceiro Demo 365,,Goiânia,9313-1/00,SERVICOS,2
11669629269729,SP,Parceiro Demo 366 LTDA,Parceiro Demo 366,,Campinas,8230-0/01,EVENTOS,2
12681668917095,MG,Parceiro Demo 373 LTDA,Parceiro Demo 373,,Montes Claros,9313-1/00,SERVICOS,2
15306596625805,GO,Parceiro Demo 374 LTDA,Parceiro Demo 374,,Aparecida de Goiânia,8230-0/01,EVENTOS,2
11515212383479,SP,Parceiro Demo 375 LTDA,Parceiro Demo 375,,São Paulo,4647-8/01,EQUIPAMENTOS,2
12831103694536,MG,Parceiro Demo 376 LTDA,Parceiro Demo 376,,Uberlândia,0152-1/02,CAVALOS,2
11731354304739,GO,Parceiro Demo 383 LTDA,Parceiro Demo 383,,Jataí,4647-8/01,EQUIPAMENTOS,2
15787044176970,SP,Parceiro Demo 384 LTDA,Parceiro Demo 384,,São José do Rio Preto,0152-1/02,CAVALOS,2
10375900764240,MG,Parceiro Demo 385 LTDA,Parceiro Demo 385,,Belo Horizonte,9313-1/00,SERVICOS,2
13510945417997,GO,Parceiro Demo 386 LTDA,Parceiro Demo 386,,Anápolis,8230-0/01,EVENTOS,2
11672715856009,SP,Parceiro Demo 393 LTDA,Parceiro Demo 393,,Sorocaba,9313-1/00,SERVICOS,2
16454451413054,MG,Parceiro Demo 394 LTDA,Parceiro Demo 394,,Contagem,8230-0/01,EVENTOS,2
15675451462601,GO,Parceiro Demo 395 LTDA,Parceiro Demo 395,,Goiânia,4647-8/01,EQUIPAMENTOS,2
12602197673449,SP,Parceiro Demo 396 LTDA,Parceiro Demo 396,,Campinas,0152-1/02,CAVALOS,2
13013890714973,MG,Parceiro Demo 4 LTDA,Parceiro Demo 4,,Contagem,0152-1/02,CAVALOS,2
10331593575966,MG,Parceiro Demo 403 LTDA,Parceiro Demo 403,,Montes Claros,4647-8/01,EQUIPAMENTOS,2
11896219066722,GO,Parceiro Demo 404 LTDA,Parceiro Demo 404,,Aparecida de Goiânia,0152-1/02,CAVALOS,2
16541505501932,SP,Parceiro Demo 405 LTDA,Parceiro Demo 405,,São Paulo,9313-1/00,SERVICOS,2
13527477453137,MG,Parceiro Demo 406 LTDA,Parceiro Demo 406,,Uberlândia,8230-0/01,EVENTOS,2
12570944291361,GO,Parceiro Demo 413 LTDA,Parceiro Demo 413,,Jataí,9313-1/00,SERVICOS,2
17400003335080,SP,Parceiro Demo 414 LTDA,Parceiro Demo 414,,São José do Rio Preto,8230-0/01,EVENTOS,2
16016374633014,MG,Parceiro Demo 415 LTDA,Parceiro Demo 415,,Belo Horizonte,4647-8/01,EQUIPAMENTOS,2
10998552061807,GO,Parceiro Demo 416 LTDA,Parceiro Demo 416,,Anápolis,0152-1/02,CAVALOS,2
17495083049571,SP,Parceiro Demo 423 LTDA,Parceiro Demo 423,,Sorocaba,4647-8/01,EQUIPAMENTOS,2
16805588993641,MG,Parceiro Demo 424 LTDA,Parceiro Demo 424,,Contagem,0152-1/02,CAVALOS,2
11010704030583,GO,Parceiro Demo 425 LTDA,Parceiro Demo 425,,Goiânia,9313-1/00,SERVICOS,2
16783797340131,SP,Parceiro Demo 426 LTDA,Parceiro Demo 426,,Campinas,8230-0/01,EVENTOS,2
17060995432097,MG,Parceiro Demo 43 LTDA,Parceiro Demo 43,,Montes Claros,4647-8/01,EQUIPAMENTOS,2
11036557703625,MG,Parceiro Demo 433 LTDA,Parceiro Demo 433,,Montes Claros,9313-1/00,SERVICOS,2
15006999646062,GO,Parceiro Demo 434 LTDA,Parceiro Demo 434,,Aparecida de Goiânia,8230-0/01,EVENTOS,2
14312223011169,SP,Parceiro Demo 435 LTDA,Parceiro Demo 435,,São Paulo,4647-8/01,EQUIPAMENTOS,2
12255227761698,MG,Parceiro Demo 436 LTDA,Parceiro Demo 436,,Uberlândia,0152-1/02,CAVALOS,2
18530495499996,GO,Parceiro Demo 44 LTDA,Parceiro Demo 44,,Aparecida de Goiânia,0152-1/02,CAVALOS,2
12773344929027,GO,Parceiro Demo 443 LTDA,Parceiro Demo 443,,Jataí,4647-8/01,EQUIPAMENTOS,2
18668587743462,SP,Parceiro Demo 444 LTDA,Parceiro Demo 444,,São José do Rio Preto,0152-1/02,CAVALOS,2
17808186629108,MG,Parceiro Demo 445 LTDA,Parceiro Demo 445,,Belo Horizonte,9313-1/00,SERVICOS,2
18732093439940,GO,Parceiro Demo 446 LTDA,Parceiro Demo 446,,Anápolis,8230-0/01,EVENTOS,2
15052582309301,SP,Parceiro Demo 45 LTDA,Parceiro Demo 45,,São Paulo,9313-1/00,SERVICOS,2
13621489125527,SP,Parceiro Demo 453 LTDA,Parceiro Demo 453,,Sorocaba,9313-1/00,SERVICOS,2
11470336706612,MG,Parceiro Demo 454 LTDA,Parceiro Demo 454,,Contagem,8230-0/01,EVENTOS,2
13071562628803,GO,Parceiro Demo 455 LTDA,Parceiro Demo 455,,Goiânia,4647-8/01,EQUIPAMENTOS,2
12097353225348,SP,Parceiro Demo 456 LTDA,Parceiro Demo 456,,Campinas,0152-1/02,CAVALOS,2
14823170376243,MG,Parceiro Demo 46 LTDA,Parceiro Demo 46,,Uberlândia,8230-0/01,EVENTOS,2
18238400925094,MG,Parceiro Demo 463 LTDA,Parceiro Demo 463,,Montes Claros,4647-8/01,EQUIPAMENTOS,2
11923026307381,GO,Parceiro Demo 464 LTDA,Parceiro Demo 464,,Aparecida de Goiânia,0152-1/02,CAVALOS,2
14143811394382,SP,Parceiro Demo 465 LTDA,Parceiro Demo 465,,São Paulo,9313-1/00,SERVICOS,2
10866204636001,MG,Parceiro Demo 466 LTDA,Parceiro Demo 466,,Uberlândia,8230-0/01,EVENTOS,2
12761121509532,GO,Parceiro Demo 473 LTDA,Parceiro Demo 473,,Jataí,9313-1/00,SERVICOS,2
11428549872739,SP,Parceiro Demo 474 LTDA,Parceiro Demo 474,,São José do Rio Preto,8230-0/01,EVENTOS,2
13765605373205,MG,Parceiro Demo 475 LTDA,Parceiro Demo 475,,Belo Horizonte,4647-8/01,EQUIPAMENTOS,2
14248586295765,GO,Parceiro Demo 476 LTDA,Parceiro Demo 476,,Anápolis,0152-1/02,CAVALOS,2
13250854919229,SP,Parceiro Demo 483 LTDA,Parceiro Demo 483,,Sorocaba,4647-8/01,EQUIPAMENTOS,2
18636512061760,MG,Parceiro Demo 484 LTDA,Parceiro Demo 484,,Contagem,0152-1/02,CAVALOS,2
15536786419049,GO,Parceiro Demo 485 LTDA,Parceiro Demo 485,,Goiânia,9313-1/00,SERVICOS,2
10154448764030,SP,Parceiro Demo 486 LTDA,Parceiro Demo 486,,Campinas,8230-0/01,EVENTOS,2
11008269968891,MG,Parceiro Demo 493 LTDA,Parceiro Demo 493,,Montes Claros,9313-1/00,SERVICOS,2
14503169661091,GO,Parceiro Demo 494 LTDA,Parceiro Demo 494,,Aparecida de Goiânia,8230-0/01,EVENTOS,2
17968472173172,SP,Parceiro Demo 495 LTDA,Parceiro Demo 495,,São Paulo,4647-8/01,EQUIPAMENTOS,2
16103945783883,MG,Parceiro Demo 496 LTDA,Parceiro Demo 496,,Uberlândia,0152-1/02,CAVALOS,2
12180281262428,GO,Parceiro Demo 5 LTDA,Parceiro Demo 5,,Goiânia,9313-1/00,SERVICOS,2
12536780090871,GO,Parceiro Demo 503 LTDA,Parceiro Demo 503,,Jataí,4647-8/01,EQUIPAMENTOS,2
12696866763158,SP,Parceiro Demo 504 LTDA,Parceiro Demo 504,,São José do Rio Preto,0152-1/02,CAVALOS,2
10410420186535,MG,Parceiro Demo 505 LTDA,Parceiro Demo 505,,Belo Horizonte,9313-1/00,SERVICOS,2
14619654027379,GO,Parceiro Demo 506 LTDA,Parceiro Demo 506,,Anápolis,8230-0/01,EVENTOS,2
12450611406303,SP,Parceiro Demo 513 LTDA,Parceiro Demo 513,,Sorocaba,9313-1/00,SERVICOS,2
15211227647643,MG,Parceiro Demo 514 LTDA,Parceiro Demo 514,,Contagem,8230-0/01,EVENTOS,2
16755423455462,GO,Parceiro Demo 515 LTDA,Parceiro Demo 515,,Goiânia,4647-8/01,EQUIPAMENTOS,2
10099515803563,SP,Parceiro Demo 516 LTDA,Parceiro Demo 516,,Campinas,0152-1/02,CAVALOS,2
17691639682687,MG,Parceiro Demo 523 LTDA,Parceiro Demo 523,,Montes Claros,4647-8/01,EQUIPAMENTOS,2
14928672410532,GO,Parceiro Demo 524 LTDA,Parceiro Demo 524,,Aparecida de Goiânia,0152-1/02,CAVALOS,2
11160784858595,SP,Parceiro Demo 525 LTDA,Parceiro Demo 525,,São Paulo,9313-1/00,SERVICOS,2
12196227208948,MG,Parceiro Demo 526 LTDA,Parceiro Demo 526,,Uberlândia,8230-0/01,EVENTOS,2
12275764316543,GO,Parceiro Demo 53 LTDA,Parceiro Demo 53,,Jataí,9313-1/00,SERVICOS,2
11225994855854,GO,Parceiro Demo 533 LTDA,Parceiro Demo 533,,Jataí,9313-1/00,SERVICOS,2
11734462447790,SP,Parceiro Demo 534 LTDA,Parceiro Demo 534,,São José do Rio Preto,8230-0/01,EVENTOS,2
14079520273191,MG,Parceiro Demo 535 LTDA,Parceiro Demo 535,,Belo Horizonte,4647-8/01,EQUIPAMENTOS,2
13897260148948,GO,Parceiro Demo 536 LTDA,Parceiro Demo 536,,Anápolis,0152-1/02,CAVALOS,2
18011275567534,SP,Parceiro Demo 54 LTDA,Parceiro Demo 54,,São José do Rio Preto,8230-0/01,EVENTOS,2
14703136166275,SP,Parceiro Demo 543 LTDA,Parceiro Demo 543,,Sorocaba,4647-8/01,EQUIPAMENTOS,2
14766188796898,MG,Parceiro Demo 544 LTDA,Parceiro Demo 544,,Contagem,0152-1/02,CAVALOS,2
11278892290674,GO,Parceiro Demo 545 LTDA,Parceiro Demo 545,,Goiânia,9313-1/00,SERVICOS,2
18768015886879,SP,Parceiro Demo 546 LTDA,Parceiro Demo 546,,Campinas,8230-0/01,EVENTOS,2
10649032625906,MG,Parceiro Demo 55 LTDA,Parceiro Demo 55,,Belo Horizonte,4647-8/01,EQUIPAMENTOS,2
12090133231778,MG,Parceiro Demo 553 LTDA,Parceiro Demo 553,,Montes Claros,9313-1/00,SERVICOS,2
18682794412793,GO,Parceiro Demo 554 LTDA,Parceiro Demo 554,,Aparecida de Goiânia,8230-0/01,EVENTOS,2
11723066103122,SP,Parceiro Demo 555 LTDA,Parceiro Demo 555,,São Paulo,4647-8/01,EQUIPAMENTOS,2
14371217271723,MG,Parceiro Demo 556 LTDA,Parceiro Demo 556,,Uberlândia,0152-1/02,CAVALOS,2
10007104831265,GO,Parceiro Demo 56 LTDA,Parceiro Demo 56,,Anápolis,0152-1/02,CAVALOS,2
16142640377687,GO,Parceiro Demo 563 LTDA,Parceiro Demo 563,,Jataí,4647-8/01,EQUIPAMENTOS,2
11466522174877,SP,Parceiro Demo 564 LTDA,Parceiro Demo 564,,São José do Rio Preto,0152-1/02,CAVALOS,2
10437542443619,MG,Parceiro Demo 565 LTDA,Parceiro Demo 565,,Belo Horizonte,9313-1/00,SERVICOS,2
13338712859664,GO,Parceiro Demo 566 LTDA,Parceiro Demo 566,,Anápolis,8230-0/01,EVENTOS,2
14106323617093,SP,Parceiro Demo 573 LTDA,Parceiro Demo 573,,Sorocaba,9313-1/00,SERVICOS,2
11366039663951,MG,Parceiro Demo 574 LTDA,Parceiro Demo 574,,Contagem,8230-0/01,EVENTOS,2
11055708584688,GO,Parceiro Demo 575 LTDA,Parceiro Demo 575,,Goiânia,4647-8/01,EQUIPAMENTOS,2
17415233548353,SP,Parceiro Demo 576 LTDA,Parceiro Demo 576,,Campinas,0152-1/02,CAVALOS,2
16660477885141,MG,Parceiro Demo 583 LTDA,Parceiro Demo 583,,Montes Claros,4647-8/01,EQUIPAMENTOS,2
17306186260588,GO,Parceiro Demo 584 LTDA,Parceiro Demo 584,,Aparecida de Goiânia,0152-1/02,CAVALOS,2
12400222987207,SP,Parceiro Demo 585 LTDA,Parceiro Demo 585,,São Paulo,9313-1/00,SERVICOS,2
11332609769659,MG,Parceiro Demo 586 LTDA,Parceiro Demo 586,,Uberlândia,8230-0/01,EVENTOS,2
11160836836568,GO,Parceiro Demo 593 LTDA,Parceiro Demo 593,,Jataí,9313-1/00,SERVICOS,2
11168115391831,SP,Parceiro Demo 594 LTDA,Parceiro Demo 594,,São José do Rio Preto,8230-0/01,EVENTOS,2
10822922309673,MG,Parceiro Demo 595 LTDA,Parceiro Demo 595,,Belo Horizonte,4647-8/01,EQUIPAMENTOS,2
13810141199579,GO,Parceiro Demo 596 LTDA,Parceiro Demo 596,,Anápolis,0152-1/02,CAVALOS,2
10639250940302,SP,Parceiro Demo 6 LTDA,Parceiro Demo 6,,Campinas,8230-0/01,EVENTOS,2
12594592120190,SP,Parceiro Demo 603 LTDA,Parceiro Demo 603,,Sorocaba,4647-8/01,EQUIPAMENTOS,2
17363091896335,MG,Parceiro Demo 604 LTDA,Parceiro Demo 604,,Contagem,0152-1/02,CAVALOS,2
14716424261585,GO,Parceiro Demo 605 LTDA,Parceiro Demo 605,,Goiânia,9313-1/00,SERVICOS,2
18145952593777,SP,Parceiro Demo 606 LTDA,Parceiro Demo 606,,Campinas,8230-0/01,EVENTOS,2
15797062081350,MG,Parceiro Demo 613 LTDA,Parceiro Demo 613,,Montes Claros,9313-1/00,SERVICOS,2
17709047964779,GO,Parceiro Demo 614 LTDA,Parceiro Demo 614,,Aparecida de Goiânia,8230-0/01,EVENTOS,2
14524645157447,SP,Parceiro Demo 615 LTDA,Parceiro Demo 615,,São Paulo,4647-8/01,EQUIPAMENTOS,2
10351426253926,MG,Parceiro Demo 616 LTDA,Parceiro Demo 616,,Uberlândia,0152-1/02,CAVALOS,2
14659081620622,GO,Parceiro Demo 623 LTDA,Parceiro Demo 623,,Jataí,4647-8/01,EQUIPAMENTOS,2
17715639450500,SP,Parceiro Demo 624 LTDA,Parceiro Demo 624,,São José do Rio Preto,0152-1/02,CAVALOS,2
14327591593434,MG,Parceiro Demo 625 LTDA,Parceiro Demo 625,,Belo Horizonte,9313-1/00,SERVICOS,2
17275904858413,GO,Parceiro Demo 626 LTDA,Parceiro Demo 626,,Anápolis,8230-0/01,EVENTOS,2
14301217489468,SP,Parceiro Demo 63 LTDA,Parceiro Demo 63,,Sorocaba,4647-8/01,EQUIPAMENTOS,2
17831590106254,SP,Parceiro Demo 633 LTDA,Parceiro Demo 633,,Sorocaba,9313-1/00,SERVICOS,2
12165469883261,MG,Parceiro Demo 634 LTDA,Parceiro Demo 634,,Contagem,8230-0/01,EVENTOS,2
11925021304020,GO,Parceiro Demo 635 LTDA,Parceiro Demo 635,,Goiânia,4647-8/01,EQUIPAMENTOS,2
16850638428541,SP,Parceiro Demo 636 LTDA,Parceiro Demo 636,,Campinas,0152-1/02,CAVALOS,2
11811726658753,MG,Parceiro Demo 64 LTDA,Parceiro Demo 64,,Contagem,0152-1/02,CAVALOS,2
16843349599235,MG,Parceiro Demo 643 LTDA,Parceiro Demo 643,,Montes Claros,4647-8/01,EQUIPAMENTOS,2
12238060121015,GO,Parceiro Demo 644 LTDA,Parceiro Demo 644,,Aparecida de Goiânia,0152-1/02,CAVALOS,2
12879976974079,SP,Parceiro Demo 645 LTDA,Parceiro Demo 645,,São Paulo,9313-1/00,SERVICOS,2
12814286500316,MG,Parceiro Demo 646 LTDA,Parceiro Demo 646,,Uberlândia,8230-0/01,EVENTOS,2
11751338106628,GO,Parceiro Demo 65 LTDA,Parceiro Demo 65,,Goiânia,9313-1/00,SERVICOS,2
15967263919499,GO,Parceiro Demo 653 LTDA,Parceiro Demo 653,,Jataí,9313-1/00,SERVICOS,2
16809187738435,SP,Parceiro Demo 654 LTDA,Parceiro Demo 654,,São José do Rio Preto,8230-0/01,EVENTOS,2
11456991864906,MG,Parceiro Demo 655 LTDA,Parceiro Demo 655,,Belo Horizonte,4647-8/01,EQUIPAMENTOS,2
12916811318766,GO,Parceiro Demo 656 LTDA,Parceiro Demo 656,,Anápolis,0152-1/02,CAVALOS,2
16966586336763,SP,Parceiro Demo 66 LTDA,Parceiro Demo 66,,Campinas,8230-0/01,EVENTOS,2
13464391430134,SP,Parceiro Demo 663 LTDA,Parceiro Demo 663,,Sorocaba,4647-8/01,EQUIPAMENTOS,2
13460827342365,MG,Parceiro Demo 664 LTDA,Parceiro Demo 664,,Contagem,0152-1/02,CAVALOS,2
17182037671833,GO,Parceiro Demo 665 LTDA,Parceiro Demo 665,,Goiânia,9313-1/00,SERVICOS,2
10529190950787,SP,Parceiro Demo 666 LTDA,Parceiro Demo 666,,Campinas,8230-0/01,EVENTOS,2
12957539939788,MG,Parceiro Demo 673 LTDA,Parceiro Demo 673,,Montes Claros,9313-1/00,SERVICOS,2
17370850844178,GO,Parceiro Demo 674 LTDA,Parceiro Demo 674,,Aparecida de Goiânia,8230-0/01,EVENTOS,2
10777647525362,SP,Parceiro Demo 675 LTDA,Parceiro Demo 675,,São Paulo,4647-8/01,EQUIPAMENTOS,2
17124929332458,MG,Parceiro Demo 676 LTDA,Parceiro Demo 676,,Uberlândia,0152-1/02,CAVALOS,2
18431596801482,GO,Parceiro Demo 683 LTDA,Parceiro Demo 683,,Jataí,4647-8/01,EQUIPAMENTOS,2
12214461805512,SP,Parceiro Demo 684 LTDA,Parceiro Demo 684,,São José do Rio Preto,0152-1/02,CAVALOS,2
16708770025032,MG,Parceiro Demo 685 LTDA,Parceiro Demo 685,,Belo Horizonte,9313-1/00,SERVICOS,2
17592415310216,GO,Parceiro Demo 686 LTDA,Parceiro Demo 686,,Anápolis,8230-0/01,EVENTOS,2
11031887126164,SP,Parceiro Demo 693 LTDA,Parceiro Demo 693,,Sorocaba,9313-1/00,SERVICOS,2
18278413199979,MG,Parceiro Demo 694 LTDA,Parceiro Demo 694,,Contagem,8230-0/01,EVENTOS,2
18212902852792,GO,Parceiro Demo 695 LTDA,Parceiro Demo 695,,Goiânia,4647-8/01,EQUIPAMENTOS,2
18822133719734,SP,Parceiro Demo 696 LTDA,Parceiro Demo 696,,Campinas,0152-1/02,CAVALOS,2
16428605085346,MG,Parceiro Demo 703 LTDA,Parceiro Demo 703,,Montes Claros,4647-8/01,EQUIPAMENTOS,2
13356086170394,GO,Parceiro Demo 704 LTDA,Parceiro Demo 704,,Aparecida de Goiânia,0152-1/02,CAVALOS,2
16916084726008,SP,Parceiro Demo 705 LTDA,Parceiro Demo 705,,São Paulo,9313-1/00,SERVICOS,2
18230185919687,MG,Parceiro Demo 706 LTDA,Parceiro Demo 706,,Uberlândia,8230-0/01,EVENTOS,2
18289076994739,GO,Parceiro Demo 713 LTDA,Parceiro Demo 713,,Jataí,9313-1/00,SERVICOS,2
18935413053650,SP,Parceiro Demo 714 LTDA,Parceiro Demo 714,,São José do Rio Preto,8230-0/01,EVENTOS,2
18542964816255,MG,Parceiro Demo 715 LTDA,Parceiro Demo 715,,Belo Horizonte,4647-8/01,EQUIPAMENTOS,2
13921068726013,GO,Parceiro Demo 716 LTDA,Parceiro Demo 716,,Anápolis,0152-1/02,CAVALOS,2
17881059942413,SP,Parceiro Demo 723 LTDA,Parceiro Demo 723,,Sorocaba,4647-8/01,EQUIPAMENTOS,2
13455513613344,MG,Parceiro Demo 724 LTDA,Parceiro Demo 724,,Contagem,0152-1/02,CAVALOS,2
18735846904747,GO,Parceiro Demo 725 LTDA,Parceiro Demo 725,,Goiânia,9313-1/00,SERVICOS,2
18042752523192,SP,Parceiro Demo 726 LTDA,Parceiro Demo 726,,Campinas,8230-0/01,EVENTOS,2
15686029199690,MG,Parceiro Demo 73 LTDA,Parceiro Demo 73,,Montes Claros,9313-1/00,SERVICOS,2
16726345578375,MG,Parceiro Demo 733 LTDA,Parceiro Demo 733,,Montes Claros,9313-1/00,SERVICOS,2
10463746273707,GO,Parceiro Demo 734 LTDA,Parceiro Demo 734,,Aparecida de Goiânia,8230-0/01,EVENTOS,2
10704088357168,SP,Parceiro Demo 735 LTDA,Parceiro Demo 735,,São Paulo,4647-8/01,EQUIPAMENTOS,2
13902274516068,MG,Parceiro Demo 736 LTDA,Parceiro Demo 736,,Uberlândia,0152-1/02,CAVALOS,2
14431784039160,GO,Parceiro Demo 74 LTDA,Parceiro Demo 74,,Aparecida de Goiânia,8230-0/01,EVENTOS,2
17225128269518,GO,Parceiro Demo 743 LTDA,Parceiro Demo 743,,Jataí,4647-8/01,EQUIPAMENTOS,2
11020190367455,SP,Parceiro Demo 744 LTDA,Parceiro Demo 744,,São José do Rio Preto,0152-1/02,CAVALOS,2
14446669711295,MG,Parceiro Demo 745 LTDA,Parceiro Demo 745,,Belo Horizonte,9313-1/00,SERVICOS,2
15244246922486,GO,Parceiro Demo 746 LTDA,Parceiro Demo 746,,Anápolis,8230-0/01,EVENTOS,2
17015468937587,SP,Parceiro Demo 75 LTDA,Parceiro Demo 75,,São Paulo,4647-8/01,EQUIPAMENTOS,2
15257545755063,SP,Parceiro Demo 753 LTDA,Parceiro Demo 753,,Sorocaba,9313-1/00,SERVICOS,2
13109601118974,MG,Parceiro Demo 754 LTDA,Parceiro Demo 754,,Contagem,8230-0/01,EVENTOS,2
12422513146185,GO,Parceiro Demo 755 LTDA,Parceiro Demo 755,,Goiânia,4647-8/01,EQUIPAMENTOS,2
18516555378656,SP,Parceiro Demo 756 LTDA,Parceiro Demo 756,,Campinas,0152-1/02,CAVALOS,2
14503684634029,MG,Parceiro Demo 76 LTDA,Parceiro Demo 76,,Uberlândia,0152-1/02,CAVALOS,2
12240736350655,MG,Parceiro Demo 763 LTDA,Parceiro Demo 763,,Montes Claros,4647-8/01,EQUIPAMENTOS,2
10242414071482,GO,Parceiro Demo 764 LTDA,Parceiro Demo 764,,Aparecida de Goiânia,0152-1/02,CAVALOS,2
13138728473900,SP,Parceiro Demo 765 LTDA,Parceiro Demo 765,,São Paulo,9313-1/00,SERVICOS,2
14896903809811,MG,Parceiro Demo 766 LTDA,Parceiro Demo 766,,Uberlândia,8230-0/01,EVENTOS,2
12183788856455,GO,Parceiro Demo 773 LTDA,Parceiro Demo 773,,Jataí,9313-1/00,SERVICOS,2
13919920817408,SP,Parceiro Demo 774 LTDA,Parceiro Demo 774,,São José do Rio Preto,8230-0/01,EVENTOS,2
11183247475746,MG,Parceiro Demo 775 LTDA,Parceiro Demo 775,,Belo Horizonte,4647-8/01,EQUIPAMENTOS,2
11201442567715,GO,Parceiro Demo 776 LTDA,Parceiro Demo 776,,Anápolis,0152-1/02,CAVALOS,2
16841621903364,SP,Parceiro Demo 783 LTDA,Parceiro Demo 783,,Sorocaba,4647-8/01,EQUIPAMENTOS,2
12218008458912,MG,Parceiro Demo 784 LTDA,Parceiro Demo 784,,Contagem,0152-1/02,CAVALOS,2
18588346749184,GO,Parceiro Demo 785 LTDA,Parceiro Demo 785,,Goiânia,9313-1/00,SERVICOS,2
12144016215871,SP,Parceiro Demo 786 LTDA,Parceiro Demo 786,,Campinas,8230-0/01,EVENTOS,2
14846684658391,MG,Parceiro Demo 793 LTDA,Parceiro Demo 793,,Montes Claros,9313-1/00,SERVICOS,2
13757600706176,GO,Parceiro Demo 794 LTDA,Parceiro Demo 794,,Aparecida de Goiânia,8230-0/01,EVENTOS,2
13165197880613,SP,Parceiro Demo 795 LTDA,Parceiro Demo 795,,São Paulo,4647-8/01,EQUIPAMENTOS,2
17230051889336,MG,Parceiro Demo 796 LTDA,Parceiro Demo 796,,Uberlândia,0152-1/02,CAVALOS,2
11171706947632,GO,Parceiro Demo 803 LTDA,Parceiro Demo 803,,Jataí,4647-8/01,EQUIPAMENTOS,2
10704975961306,SP,Parceiro Demo 804 LTDA,Parceiro Demo 804,,São José do Rio Preto,0152-1/02,CAVALOS,2
16612899519313,MG,Parceiro Demo 805 LTDA,Parceiro Demo 805,,Belo Horizonte,9313-1/00,SERVICOS,2
12053811554188,GO,Parceiro Demo 806 LTDA,Parceiro Demo 806,,Anápolis,8230-0/01,EVENTOS,2
17777069556572,SP,Parceiro Demo 813 LTDA,Parceiro Demo 813,,Sorocaba,9313-1/00,SERVICOS,2
18775240024093,MG,Parceiro Demo 814 LTDA,Parceiro Demo 814,,Contagem,8230-0/01,EVENTOS,2
11736877146576,GO,Parceiro Demo 815 LTDA,Parceiro Demo 815,,Goiânia,4647-8/01,EQUIPAMENTOS,2
18365594686929,SP,Parceiro Demo 816 LTDA,Parceiro Demo 816,,Campinas,0152-1/02,CAVALOS,2
12697385779036,MG,Parceiro Demo 823 LTDA,Parceiro Demo 823,,Montes Claros,4647-8/01,EQUIPAMENTOS,2
17973112394908,GO,Parceiro Demo 824 LTDA,Parceiro Demo 824,,Aparecida de Goiânia,0152-1/02,CAVALOS,2
12597285317485,SP,Parceiro Demo 825 LTDA,Parceiro Demo 825,,São Paulo,9313-1/00,SERVICOS,2
17201023956401,MG,Parceiro Demo 826 LTDA,Parceiro Demo 826,,Uberlândia,8230-0/01,EVENTOS,2
13542798972552,GO,Parceiro Demo 83 LTDA,Parceiro Demo 83,,Jataí,4647-8/01,EQUIPAMENTOS,2
18116446657345,GO,Parceiro Demo 833 LTDA,Parceiro Demo 833,,Jataí,9313-1/00,SERVICOS,2
18089947541449,SP,Parceiro Demo 834 LTDA,Parceiro Demo 834,,São José do Rio Preto,8230-0/01,EVENTOS,2
17737938619181,MG,Parceiro Demo 835 LTDA,Parceiro Demo 835,,Belo Horizonte,4647-8/01,EQUIPAMENTOS,2
14948101843595,GO,Parceiro Demo 836 LTDA,Parceiro Demo 836,,Anápolis,0152-1/02,CAVALOS,2
17828291772996,SP,Parceiro Demo 84 LTDA,Parceiro Demo 84,,São José do Rio Preto,0152-1/02,CAVALOS,2
13733675660423,SP,Parceiro Demo 843 LTDA,Parceiro Demo 843,,Sorocaba,4647-8/01,EQUIPAMENTOS,2
11151723526937,MG,Parceiro Demo 844 LTDA,Parceiro Demo 844,,Contagem,0152-1/02,CAVALOS,2
11838065926429,GO,Parceiro Demo 845 LTDA,Parceiro Demo 845,,Goiânia,9313-1/00,SERVICOS,2
10109695672130,SP,Parceiro Demo 846 LTDA,Parceiro Demo 846,,Campinas,8230-0/01,EVENTOS,2
15775366928263,MG,Parceiro Demo 85 LTDA,Parceiro Demo 85,,Belo Horizonte,9313-1/00,SERVICOS,2
14267560307285,MG,Parceiro Demo 853 LTDA,Parceiro Demo 853,,Montes Claros,9313-1/00,SERVICOS,2
13193033410549,GO,Parceiro Demo 854 LTDA,Parceiro Demo 854,,Aparecida de Goiânia,8230-0/01,EVENTOS,2
17458676427805,SP,Parceiro Demo 855 LTDA,Parceiro Demo 855,,São Paulo,4647-8/01,EQUIPAMENTOS,2
17444534217011,MG,Parceiro Demo 856 LTDA,Parceiro Demo 856,,Uberlândia,0152-1/02,CAVALOS,2
12671409509836,GO,Parceiro Demo 86 LTDA,Parceiro Demo 86,,Anápolis,8230-0/01,EVENTOS,2
13830234063031,GO,Parceiro Demo 863 LTDA,Parceiro Demo 863,,Jataí,4647-8/01,EQUIPAMENTOS,2
10766966207733,SP,Parceiro Demo 864 LTDA,Parceiro Demo 864,,São José do Rio Preto,0152-1/02,CAVALOS,2
11671762922338,MG,Parceiro Demo 865 LTDA,Parceiro Demo 865,,Belo Horizonte,9313-1/00,SERVICOS,2
18533602728341,GO,Parceiro Demo 866 LTDA,Parceiro Demo 866,,Anápolis,8230-0/01,EVENTOS,2
10391319414971,SP,Parceiro Demo 873 LTDA,Parceiro Demo 873,,Sorocaba,9313-1/00,SERVICOS,2
17232246072878,MG,Parceiro Demo 874 LTDA,Parceiro Demo 874,,Contagem,8230-0/01,EVENTOS,2
18869972380856,GO,Parceiro Demo 875 LTDA,Parceiro Demo 875,,Goiânia,4647-8/01,EQUIPAMENTOS,2
13484166441342,SP,Parceiro Demo 876 LTDA,Parceiro Demo 876,,Campinas,0152-1/02,CAVALOS,2
14697122495083,MG,Parceiro Demo 883 LTDA,Parceiro Demo 883,,Montes Claros,4647-8/01,EQUIPAMENTOS,2
12257150155922,GO,Parceiro Demo 884 LTDA,Parceiro Demo 884,,Aparecida de Goiânia,0152-1/02,CAVALOS,2
14217237196438,SP,Parceiro Demo 885 LTDA,Parceiro Demo 885,,São Paulo,9313-1/00,SERVICOS,2
14458883794180,MG,Parceiro Demo 886 LTDA,Parceiro Demo 886,,Uberlândia,8230-0/01,EVENTOS,2
16753198354111,GO,Parceiro Demo 893 LTDA,Parceiro Demo 893,,Jataí,9313-1/00,SERVICOS,2
15665723651337,SP,Parceiro Demo 894 LTDA,Parceiro Demo 894,,São José do Rio Preto,8230-0/01,EVENTOS,2
16187881314592,MG,Parceiro Demo 895 LTDA,Parceiro Demo 895,,Belo Horizonte,4647-8/01,EQUIPAMENTOS,2
16117000158418,GO,Parceiro Demo 896 LTDA,Parceiro Demo 896,,Anápolis,0152-1/02,CAVALOS,2
11242851091950,SP,Parceiro Demo 903 LTDA,Parceiro Demo 903,,Sorocaba,4647-8/01,EQUIPAMENTOS,2
15317598154032,MG,Parceiro Demo 904 LTDA,Parceiro Demo 904,,Contagem,0152-1/02,CAVALOS,2
18684162582197,GO,Parceiro Demo 905 LTDA,Parceiro Demo 905,,Goiânia,9313-1/00,SERVICOS,2
18362766099632,SP,Parceiro Demo 906 LTDA,Parceiro Demo 906,,Campinas,8230-0/01,EVENTOS,2
17435366670098,MG,Parceiro Demo 913 LTDA,Parceiro Demo 913,,Montes Claros,9313-1/00,SERVICOS,2
17661026213100,GO,Parceiro Demo 914 LTDA,Parceiro Demo 914,,Aparecida de Goiânia,8230-0/01,EVENTOS,2
11288656645861,SP,Parceiro Demo 915 LTDA,Parceiro Demo 915,,São Paulo,4647-8/01,EQUIPAMENTOS,2
15392548975188,MG,Parceiro Demo 916 LTDA,Parceiro Demo 916,,Uberlândia,0152-1/02,CAVALOS,2
14839650266065,GO,Parceiro Demo 923 LTDA,Parceiro Demo 923,,Jataí,4647-8/01,EQUIPAMENTOS,2
17845644435894,SP,Parceiro Demo 924 LTDA,Parceiro Demo 924,,São José do Rio Preto,0152-1/02,CAVALOS,2
13746582513896,MG,Parceiro Demo 925 LTDA,Parceiro Demo 925,,Belo Horizonte,9313-1/00,SERVICOS,2
16242387084856,GO,Parceiro Demo 926 LTDA,Parceiro Demo 926,,Anápolis,8230-0/01,EVENTOS,2
18332435557197,SP,Parceiro Demo 93 LTDA,Parceiro Demo 93,,Sorocaba,9313-1/00,SERVICOS,2
15669114860775,SP,Parceiro Demo 933 LTDA,Parceiro Demo 933,,Sorocaba,9313-1/00,SERVICOS,2
11878589750108,MG,Parceiro Demo 934 LTDA,Parceiro Demo 934,,Contagem,8230-0/01,EVENTOS,2
13011324477374,GO,Parceiro Demo 935 LTDA,Parceiro Demo 935,,Goiânia,4647-8/01,EQUIPAMENTOS,2
14098309512858,SP,Parceiro Demo 936 LTDA,Parceiro Demo 936,,Campinas,0152-1/02,CAVALOS,2
11548698457673,MG,Parceiro Demo 94 LTDA,Parceiro Demo 94,,Contagem,8230-0/01,EVENTOS,2
14019880575078,MG,Parceiro Demo 943 LTDA,Parceiro Demo 943,,Montes Claros,4647-8/01,EQUIPAMENTOS,2
13395311841902,GO,Parceiro Demo 944 LTDA,Parceiro Demo 944,,Aparecida de Goiânia,0152-1/02,CAVALOS,2
12837093946040,SP,Parceiro Demo 945 LTDA,Parceiro Demo 945,,São Paulo,9313-1/00,SERVICOS,2
18693151132588,MG,Parceiro Demo 946 LTDA,Parceiro Demo 946,,Uberlândia,8230-0/01,EVENTOS,2
10215475188754,GO,Parceiro Demo 95 LTDA,Parceiro Demo 95,,Goiânia,4647-8/01,EQUIPAMENTOS,2
17069017442858,GO,Parceiro Demo 953 LTDA,Parceiro Demo 953,,Jataí,9313-1/00,SERVICOS,2
14508739923209,SP,Parceiro Demo 954 LTDA,Parceiro Demo 954,,São José do Rio Preto,8230-0/01,EVENTOS,2
12865469797106,MG,Parceiro Demo 955 LTDA,Parceiro Demo 955,,Belo Horizonte,4647-8/01,EQUIPAMENTOS,2
10747217610725,GO,Parceiro Demo 956 LTDA,Parceiro Demo 956,,Anápolis,0152-1/02,CAVALOS,2
12036060762593,SP,Parceiro Demo 96 LTDA,Parceiro Demo 96,,Campinas,0152-1/02,CAVALOS,2
14178045882382,SP,Parceiro Demo 963 LTDA,Parceiro Demo 963,,Sorocaba,4647-8/01,EQUIPAMENTOS,2
18033066737875,MG,Parceiro Demo 964 LTDA,Parceiro Demo 964,,Contagem,0152-1/02,CAVALOS,2
16500777746728,GO,Parceiro Demo 965 LTDA,Parceiro Demo 965,,Goiânia,9313-1/00,SERVICOS,2
10018275046416,SP,Parceiro Demo 966 LTDA,Parceiro Demo 966,,Campinas,8230-0/01,EVENTOS,2
15370227477324,MG,Parceiro Demo 973 LTDA,Parceiro Demo 973,,Montes Claros,9313-1/00,SERVICOS,2
14340406444401,GO,Parceiro Demo 974 LTDA,Parceiro Demo 974,,Aparecida de Goiânia,8230-0/01,EVENTOS,2
15546083844716,SP,Parceiro Demo 975 LTDA,Parceiro Demo 975,,São Paulo,4647-8/01,EQUIPAMENTOS,2
10436911385752,MG,Parceiro Demo 976 LTDA,Parceiro Demo 976,,Uberlândia,0152-1/02,CAVALOS,2
15888816179426,GO,Parceiro Demo 983 LTDA,Parceiro Demo 983,,Jataí,4647-8/01,EQUIPAMENTOS,2
11742596510892,SP,Parceiro Demo 984 LTDA,Parceiro Demo 984,,São José do Rio Preto,0152-1/02,CAVALOS,2
13239753345227,MG,Parceiro Demo 985 LTDA,Parceiro Demo 985,,Belo Horizonte,9313-1/00,SERVICOS,2
10537133675398,GO,Parceiro Demo 986 LTDA,Parceiro Demo 986,,Anápolis,8230-0/01,EVENTOS,2
12967178359759,SP,Parceiro Demo 993 LTDA,Parceiro Demo 993,,Sorocaba,9313-1/00,SERVICOS,2
15118959943232,MG,Parceiro Demo 994 LTDA,Parceiro Demo 994,,Contagem,8230-0/01,EVENTOS,2
15041264301715,GO,Parceiro Demo 995 LTDA,Parceiro Demo 995,,Goiânia,4647-8/01,EQUIPAMENTOS,2
11985683794006,SP,Parceiro Demo 996 LTDA,Parceiro Demo 996,,Campinas,0152-1/02,CAVALOS,2
98765432000110,MG,Clinica Vet Minas LTDA,Vet Minas,,Belo Horizonte,9313-1/00,SERVICOS,2
11222333000155,GO,Loja Equestre GO LTDA,Equestre GO,,Goiania,4647-8/01,EQUIPAMENTOS,3
18569657196351,GO,Parceiro Demo 107 LTDA,Parceiro Demo 107,,Rio Verde,4647-8/01,EQUIPAMENTOS,3
16499575259875,SP,Parceiro Demo 108 LTDA,Parceiro Demo 108,,Sorocaba,0152-1/02,CAVALOS,3
16083940627889,MG,Parceiro Demo 109 LTDA,Parceiro Demo 109,,Contagem,9313-1/00,SERVICOS,3
18740679480338,SP,Parceiro Demo 117 LTDA,Parceiro Demo 117,,Ribeirão Preto,9313-1/00,SERVICOS,3
12711439412074,MG,Parceiro Demo 118 LTDA,Parceiro Demo 118,,Montes Claros,8230-0/01,EVENTOS,3
17652406087074,GO,Parceiro Demo 119 LTDA,Parceiro Demo 119,,Aparecida de Goiânia,4647-8/01,EQUIPAMENTOS,3
15088489563024,MG,Parceiro Demo 127 LTDA,Parceiro Demo 127,,Juiz de Fora,4647-8/01,EQUIPAMENTOS,3
18590849709399,GO,Parceiro Demo 128 LTDA,Parceiro Demo 128,,Jataí,0152-1/02,CAVALOS,3
14342955619065,SP,Parceiro Demo 129 LTDA,Parceiro Demo 129,,São José do Rio Preto,9313-1/00,SERVICOS,3
16575006749938,GO,Parceiro Demo 137 LTDA,Parceiro Demo 137,,Rio Verde,9313-1/00,SERVICOS,3
17752081391753,SP,Parceiro Demo 138 LTDA,Parceiro Demo 138,,Sorocaba,8230-0/01,EVENTOS,3
17796426595842,MG,Parceiro Demo 139 LTDA,Parceiro Demo 139,,Contagem,4647-8/01,EQUIPAMENTOS,3
12248625201775,SP,Parceiro Demo 147 LTDA,Parceiro Demo 147,,Ribeirão Preto,4647-8/01,EQUIPAMENTOS,3
11453175562759,MG,Parceiro Demo 148 LTDA,Parceiro Demo 148,,Montes Claros,0152-1/02,CAVALOS,3
15607252816839,GO,Parceiro Demo 149 LTDA,Parceiro Demo 149,,Aparecida de Goiânia,9313-1/00,SERVICOS,3
13569498883957,MG,Parceiro Demo 157 LTDA,Parceiro Demo 157,,Juiz de Fora,9313-1/00,SERVICOS,3
11920819444456,GO,Parceiro Demo 158 LTDA,Parceiro Demo 158,,Jataí,8230-0/01,EVENTOS,3
11033810515361,SP,Parceiro Demo 159 LTDA,Parceiro Demo 159,,São José do Rio Preto,4647-8/01,EQUIPAMENTOS,3
10404913159470,GO,Parceiro Demo 167 LTDA,Parceiro Demo 167,,Rio Verde,4647-8/01,EQUIPAMENTOS,3
18956829329065,SP,Parceiro Demo 168 LTDA,Parceiro Demo 168,,Sorocaba,0152-1/02,CAVALOS,3
13268502187537,MG,Parceiro Demo 169 LTDA,Parceiro Demo 169,,Contagem,9313-1/00,SERVICOS,3
11448678778683,GO,Parceiro Demo 17 LTDA,Parceiro Demo 17,,Rio Verde,9313-1/00,SERVICOS,3
16823467390853,SP,Parceiro Demo 177 LTDA,Parceiro Demo 177,,Ribeirão Preto,9313-1/00,SERVICOS,3
14123016990578,MG,Parceiro Demo 178 LTDA,Parceiro Demo 178,,Montes Claros,8230-0/01,EVENTOS,3
18717718179655,GO,Parceiro Demo 179 LTDA,Parceiro Demo 179,,Aparecida de Goiânia,4647-8/01,EQUIPAMENTOS,3
12021569413954,SP,Parceiro Demo 18 LTDA,Parceiro Demo 18,,Sorocaba,8230-0/01,EVENTOS,3
12115856660081,MG,Parceiro Demo 187 LTDA,Parceiro Demo 187,,Juiz de Fora,4647-8/01,EQUIPAMENTOS,3
13206915227371,GO,Parceiro Demo 188 LTDA,Parceiro Demo 188,,Jataí,0152-1/02,CAVALOS,3
11281968364036,SP,Parceiro Demo 189 LTDA,Parceiro Demo 189,,São José do Rio Preto,9313-1/00,SERVICOS,3
10356494851922,MG,Parceiro Demo 19 LTDA,Parceiro Demo 19,,Contagem,4647-8/01,EQUIPAMENTOS,3
10431556629025,GO,Parceiro Demo 197 LTDA,Parceiro Demo 197,,Rio Verde,9313-1/00,SERVICOS,3
10869057454801,SP,Parceiro Demo 198 LTDA,Parceiro Demo 198,,Sorocaba,8230-0/01,EVENTOS,3
11836290323869,MG,Parceiro Demo 199 LTDA,Parceiro Demo 199,,Contagem,4647-8/01,EQUIPAMENTOS,3
13429617361587,SP,Parceiro Demo 207 LTDA,Parceiro Demo 207,,Ribeirão Preto,4647-8/01,EQUIPAMENTOS,3
16548767875541,MG,Parceiro Demo 208 LTDA,Parceiro Demo 208,,Montes Claros,0152-1/02,CAVALOS,3
17053952033081,GO,Parceiro Demo 209 LTDA,Parceiro Demo 209,,Aparecida de Goiânia,9313-1/00,SERVICOS,3
11493967294941,MG,Parceiro Demo 217 LTDA,Parceiro Demo 217,,Juiz de Fora,9313-1/00,SERVICOS,3
18894895333076,GO,Parceiro Demo 218 LTDA,Parceiro Demo 218,,Jataí,8230-0/01,EVENTOS,3
17067945004279,SP,Parceiro Demo 219 LTDA,Parceiro Demo 219,,São José do Rio Preto,4647-8/01,EQUIPAMENTOS,3
11576383459937,GO,Parceiro Demo 227 LTDA,Parceiro Demo 227,,Rio Verde,4647-8/01,EQUIPAMENTOS,3
13386609432379,SP,Parceiro Demo 228 LTDA,Parceiro Demo 228,,Sorocaba,0152-1/02,CAVALOS,3
16710242138582,MG,Parceiro Demo 229 LTDA,Parceiro Demo 229,,Contagem,9313-1/00,SERVICOS,3
16591410860726,SP,Parceiro Demo 237 LTDA,Parceiro Demo 237,,Ribeirão Preto,9313-1/00,SERVICOS,3
12886577186679,MG,Parceiro Demo 238 LTDA,Parceiro Demo 238,,Montes Claros,8230-0/01,EVENTOS,3
14355172503588,GO,Parceiro Demo 239 LTDA,Parceiro Demo 239,,Aparecida de Goiânia,4647-8/01,EQUIPAMENTOS,3
11016315272947,MG,Parceiro Demo 247 LTDA,Parceiro Demo 247,,Juiz de Fora,4647-8/01,EQUIPAMENTOS,3
12135991514007,GO,Parceiro Demo 248 LTDA,Parceiro Demo 248,,Jataí,0152-1/02,CAVALOS,3
16640059611584,SP,Parceiro Demo 249 LTDA,Parceiro Demo 249,,São José do Rio Preto,9313-1/00,SERVICOS,3
15667690104411,GO,Parceiro Demo 257 LTDA,Parceiro Demo 257,,Rio Verde,9313-1/00,SERVICOS,3
10830082805802,SP,Parceiro Demo 258 LTDA,Parceiro Demo 258,,Sorocaba,8230-0/01,EVENTOS,3
17360628127411,MG,Parceiro Demo 259 LTDA,Parceiro Demo 259,,Contagem,4647-8/01,EQUIPAMENTOS,3
17592284210785,SP,Parceiro Demo 267 LTDA,Parceiro Demo 267,,Ribeirão Preto,4647-8/01,EQUIPAMENTOS,3
15555076700488,MG,Parceiro Demo 268 LTDA,Parceiro Demo 268,,Montes Claros,0152-1/02,CAVALOS,3
18710019540428,GO,Parceiro Demo 269 LTDA,Parceiro Demo 269,,Aparecida de Goiânia,9313-1/00,SERVICOS,3
16753379396908,SP,Parceiro Demo 27 LTDA,Parceiro Demo 27,,Ribeirão Preto,4647-8/01,EQUIPAMENTOS,3
16184037632468,MG,Parceiro Demo 277 LTDA,Parceiro Demo 277,,Juiz de Fora,9313-1/00,SERVICOS,3
17414868767577,GO,Parceiro Demo 278 LTDA,Parceiro Demo 278,,Jataí,8230-0/01,EVENTOS,3
17585594809985,SP,Parceiro Demo 279 LTDA,Parceiro Demo 279,,São José do Rio Preto,4647-8/01,EQUIPAMENTOS,3
14646272531499,MG,Parceiro Demo 28 LTDA,Parceiro Demo 28,,Montes Claros,0152-1/02,CAVALOS,3
16060763805086,GO,Parceiro Demo 287 LTDA,Parceiro Demo 287,,Rio Verde,4647-8/01,EQUIPAMENTOS,3
18581298313958,SP,Parceiro Demo 288 LTDA,Parceiro Demo 288,,Sorocaba,0152-1/02,CAVALOS,3
10228163599325,MG,Parceiro Demo 289 LTDA,Parceiro Demo 289,,Contagem,9313-1/00,SERVICOS,3
18903126054597,GO,Parceiro Demo 29 LTDA,Parceiro Demo 29,,Aparecida de Goiânia,9313-1/00,SERVICOS,3
12465439859553,SP,Parceiro Demo 297 LTDA,Parceiro Demo 297,,Ribeirão Preto,9313-1/00,SERVICOS,3
11565121711615,MG,Parceiro Demo 298 LTDA,Parceiro Demo 298,,Montes Claros,8230-0/01,EVENTOS,3
11326729204678,GO,Parceiro Demo 299 LTDA,Parceiro Demo 299,,Aparecida de Goiânia,4647-8/01,EQUIPAMENTOS,3
17797927168705,MG,Parceiro Demo 307 LTDA,Parceiro Demo 307,,Juiz de Fora,4647-8/01,EQUIPAMENTOS,3
18795080743917,GO,Parceiro Demo 308 LTDA,Parceiro Demo 308,,Jataí,0152-1/02,CAVALOS,3
17964026192779,SP,Parceiro Demo 309 LTDA,Parceiro Demo 309,,São José do Rio Preto,9313-1/00,SERVICOS,3
12199599952022,GO,Parceiro Demo 317 LTDA,Parceiro Demo 317,,Rio Verde,9313-1/00,SERVICOS,3
11456626297808,SP,Parceiro Demo 318 LTDA,Parceiro Demo 318,,Sorocaba,8230-0/01,EVENTOS,3
18855780092637,MG,Parceiro Demo 319 LTDA,Parceiro Demo 319,,Contagem,4647-8/01,EQUIPAMENTOS,3
15857756643481,SP,Parceiro Demo 327 LTDA,Parceiro Demo 327,,Ribeirão Preto,4647-8/01,EQUIPAMENTOS,3
12964053686174,MG,Parceiro Demo 328 LTDA,Parceiro Demo 328,,Montes Claros,0152-1/02,CAVALOS,3
13917724869310,GO,Parceiro Demo 329 LTDA,Parceiro Demo 329,,Aparecida de Goiânia,9313-1/00,SERVICOS,3
12471620634348,MG,Parceiro Demo 337 LTDA,Parceiro Demo 337,,Juiz de Fora,9313-1/00,SERVICOS,3
15317964350561,GO,Parceiro Demo 338 LTDA,Parceiro Demo 338,,Jataí,8230-0/01,EVENTOS,3
12309898089323,SP,Parceiro Demo 339 LTDA,Parceiro Demo 339,,São José do Rio Preto,4647-8/01,EQUIPAMENTOS,3
16218988360318,GO,Parceiro Demo 347 LTDA,Parceiro Demo 347,,Rio Verde,4647-8/01,EQUIPAMENTOS,3
11027053786866,SP,Parceiro Demo 348 LTDA,Parceiro Demo 348,,Sorocaba,0152-1/02,CAVALOS,3
16110526416112,MG,Parceiro Demo 349 LTDA,Parceiro Demo 349,,Contagem,9313-1/00,SERVICOS,3
11908921978412,SP,Parceiro Demo 357 LTDA,Parceiro Demo 357,,Ribeirão Preto,9313-1/00,SERVICOS,3
16458042456653,MG,Parceiro Demo 358 LTDA,Parceiro Demo 358,,Montes Claros,8230-0/01,EVENTOS,3
12331944761746,GO,Parceiro Demo 359 LTDA,Parceiro Demo 359,,Aparecida de Goiânia,4647-8/01,EQUIPAMENTOS,3
18595204775043,MG,Parceiro Demo 367 LTDA,Parceiro Demo 367,,Juiz de Fora,4647-8/01,EQUIPAMENTOS,3
15593693919315,GO,Parceiro Demo 368 LTDA,Parceiro Demo 368,,Jataí,0152-1/02,CAVALOS,3
15020760446887,SP,Parceiro Demo 369 LTDA,Parceiro Demo 369,,São José do Rio Preto,9313-1/00,SERVICOS,3
13545494584143,MG,Parceiro Demo 37 LTDA,Parceiro Demo 37,,Juiz de Fora,9313-1/00,SERVICOS,3
11186800901161,GO,Parceiro Demo 377 LTDA,Parceiro Demo 377,,Rio Verde,9313-1/00,SERVICOS,3
14306770495442,SP,Parceiro Demo 378 LTDA,Parceiro Demo 378,,Sorocaba,8230-0/01,EVENTOS,3
10072066909020,MG,Parceiro Demo 379 LTDA,Parceiro Demo 379,,Contagem,4647-8/01,EQUIPAMENTOS,3
16821231912619,GO,Parceiro Demo 38 LTDA,Parceiro Demo 38,,Jataí,8230-0/01,EVENTOS,3
11227328058828,SP,Parceiro Demo 387 LTDA,Parceiro Demo 387,,Ribeirão Preto,4647-8/01,EQUIPAMENTOS,3
18054327801481,MG,Parceiro Demo 388 LTDA,Parceiro Demo 388,,Montes Claros,0152-1/02,CAVALOS,3
17496142783369,GO,Parceiro Demo 389 LTDA,Parceiro Demo 389,,Aparecida de Goiânia,9313-1/00,SERVICOS,3
11185108105626,SP,Parceiro Demo 39 LTDA,Parceiro Demo 39,,São José do Rio Preto,4647-8/01,EQUIPAMENTOS,3
14856998708143,MG,Parceiro Demo 397 LTDA,Parceiro Demo 397,,Juiz de Fora,9313-1/00,SERVICOS,3
16410262651479,GO,Parceiro Demo 398 LTDA,Parceiro Demo 398,,Jataí,8230-0/01,EVENTOS,3
10921629207371,SP,Parceiro Demo 399 LTDA,Parceiro Demo 399,,São José do Rio Preto,4647-8/01,EQUIPAMENTOS,3
15701403483096,GO,Parceiro Demo 407 LTDA,Parceiro Demo 407,,Rio Verde,4647-8/01,EQUIPAMENTOS,3
12211577962380,SP,Parceiro Demo 408 LTDA,Parceiro Demo 408,,Sorocaba,0152-1/02,CAVALOS,3
15329293934442,MG,Parceiro Demo 409 LTDA,Parceiro Demo 409,,Contagem,9313-1/00,SERVICOS,3
12341130599463,SP,Parceiro Demo 417 LTDA,Parceiro Demo 417,,Ribeirão Preto,9313-1/00,SERVICOS,3
17484591471748,MG,Parceiro Demo 418 LTDA,Parceiro Demo 418,,Montes Claros,8230-0/01,EVENTOS,3
12151593808527,GO,Parceiro Demo 419 LTDA,Parceiro Demo 419,,Aparecida de Goiânia,4647-8/01,EQUIPAMENTOS,3
17547474634954,MG,Parceiro Demo 427 LTDA,Parceiro Demo 427,,Juiz de Fora,4647-8/01,EQUIPAMENTOS,3
11317933747506,GO,Parceiro Demo 428 LTDA,Parceiro Demo 428,,Jataí,0152-1/02,CAVALOS,3
15138667377709,SP,Parceiro Demo 429 LTDA,Parceiro Demo 429,,São José do Rio Preto,9313-1/00,SERVICOS,3
12335494348607,GO,Parceiro Demo 437 LTDA,Parceiro Demo 437,,Rio Verde,9313-1/00,SERVICOS,3
14331524300025,SP,Parceiro Demo 438 LTDA,Parceiro Demo 438,,Sorocaba,8230-0/01,EVENTOS,3
12148170565759,MG,Parceiro Demo 439 LTDA,Parceiro Demo 439,,Contagem,4647-8/01,EQUIPAMENTOS,3
15183577154844,SP,Parceiro Demo 447 LTDA,Parceiro Demo 447,,Ribeirão Preto,4647-8/01,EQUIPAMENTOS,3
10354502255962,MG,Parceiro Demo 448 LTDA,Parceiro Demo 448,,Montes Claros,0152-1/02,CAVALOS,3
10327209609567,GO,Parceiro Demo 449 LTDA,Parceiro Demo 449,,Aparecida de Goiânia,9313-1/00,SERVICOS,3
10152010526273,MG,Parceiro Demo 457 LTDA,Parceiro Demo 457,,Juiz de Fora,9313-1/00,SERVICOS,3
11766400844671,GO,Parceiro Demo 458 LTDA,Parceiro Demo 458,,Jataí,8230-0/01,EVENTOS,3
10630066822835,SP,Parceiro Demo 459 LTDA,Parceiro Demo 459,,São José do Rio Preto,4647-8/01,EQUIPAMENTOS,3
11367487847551,GO,Parceiro Demo 467 LTDA,Parceiro Demo 467,,Rio Verde,4647-8/01,EQUIPAMENTOS,3
13049570510598,SP,Parceiro Demo 468 LTDA,Parceiro Demo 468,,Sorocaba,0152-1/02,CAVALOS,3
13368772085460,MG,Parceiro Demo 469 LTDA,Parceiro Demo 469,,Contagem,9313-1/00,SERVICOS,3
16121055054024,GO,Parceiro Demo 47 LTDA,Parceiro Demo 47,,Rio Verde,4647-8/01,EQUIPAMENTOS,3
13586173368636,SP,Parceiro Demo 477 LTDA,Parceiro Demo 477,,Ribeirão Preto,9313-1/00,SERVICOS,3
18055834287467,MG,Parceiro Demo 478 LTDA,Parceiro Demo 478,,Montes Claros,8230-0/01,EVENTOS,3
16258846083939,GO,Parceiro Demo 479 LTDA,Parceiro Demo 479,,Aparecida de Goiânia,4647-8/01,EQUIPAMENTOS,3
15666245733209,SP,Parceiro Demo 48 LTDA,Parceiro Demo 48,,Sorocaba,0152-1/02,CAVALOS,3
12786162109327,MG,Parceiro Demo 487 LTDA,Parceiro Demo 487,,Juiz de Fora,4647-8/01,EQUIPAMENTOS,3
10711767263598,GO,Parceiro Demo 488 LTDA,Parceiro Demo 488,,Jataí,0152-1/02,CAVALOS,3
14986400540878,SP,Parceiro Demo 489 LTDA,Parceiro Demo 489,,São José do Rio Preto,9313-1/00,SERVICOS,3
14991741523738,MG,Parceiro Demo 49 LTDA,Parceiro Demo 49,,Contagem,9313-1/00,SERVICOS,3
11612577773829,GO,Parceiro Demo 497 LTDA,Parceiro Demo 497,,Rio Verde,9313-1/00,SERVICOS,3
15088993318627,SP,Parceiro Demo 498 LTDA,Parceiro Demo 498,,Sorocaba,8230-0/01,EVENTOS,3
13203887729425,MG,Parceiro Demo 499 LTDA,Parceiro Demo 499,,Contagem,4647-8/01,EQUIPAMENTOS,3
13643318597569,SP,Parceiro Demo 507 LTDA,Parceiro Demo 507,,Ribeirão Preto,4647-8/01,EQUIPAMENTOS,3
14118457849434,MG,Parceiro Demo 508 LTDA,Parceiro Demo 508,,Montes Claros,0152-1/02,CAVALOS,3
11333551476623,GO,Parceiro Demo 509 LTDA,Parceiro Demo 509,,Aparecida de Goiânia,9313-1/00,SERVICOS,3
12028414991830,MG,Parceiro Demo 517 LTDA,Parceiro Demo 517,,Juiz de Fora,9313-1/00,SERVICOS,3
14872056800878,GO,Parceiro Demo 518 LTDA,Parceiro Demo 518,,Jataí,8230-0/01,EVENTOS,3
10681056141034,SP,Parceiro Demo 519 LTDA,Parceiro Demo 519,,São José do Rio Preto,4647-8/01,EQUIPAMENTOS,3
12583280928742,GO,Parceiro Demo 527 LTDA,Parceiro Demo 527,,Rio Verde,4647-8/01,EQUIPAMENTOS,3
16442075443148,SP,Parceiro Demo 528 LTDA,Parceiro Demo 528,,Sorocaba,0152-1/02,CAVALOS,3
13582606327988,MG,Parceiro Demo 529 LTDA,Parceiro Demo 529,,Contagem,9313-1/00,SERVICOS,3
13815793778935,SP,Parceiro Demo 537 LTDA,Parceiro Demo 537,,Ribeirão Preto,9313-1/00,SERVICOS,3
13184168348361,MG,Parceiro Demo 538 LTDA,Parceiro Demo 538,,Montes Claros,8230-0/01,EVENTOS,3
18872418459094,GO,Parceiro Demo 539 LTDA,Parceiro Demo 539,,Aparecida de Goiânia,4647-8/01,EQUIPAMENTOS,3
16191488404260,MG,Parceiro Demo 547 LTDA,Parceiro Demo 547,,Juiz de Fora,4647-8/01,EQUIPAMENTOS,3
10831217230656,GO,Parceiro Demo 548 LTDA,Parceiro Demo 548,,Jataí,0152-1/02,CAVALOS,3
17742000362217,SP,Parceiro Demo 549 LTDA,Parceiro Demo 549,,São José do Rio Preto,9313-1/00,SERVICOS,3
17353213934025,GO,Parceiro Demo 557 LTDA,Parceiro Demo 557,,Rio Verde,9313-1/00,SERVICOS,3
13470557906345,SP,Parceiro Demo 558 LTDA,Parceiro Demo 558,,Sorocaba,8230-0/01,EVENTOS,3
15212862794325,MG,Parceiro Demo 559 LTDA,Parceiro Demo 559,,Contagem,4647-8/01,EQUIPAMENTOS,3
16926957637443,SP,Parceiro Demo 567 LTDA,Parceiro Demo 567,,Ribeirão Preto,4647-8/01,EQUIPAMENTOS,3
15561184171558,MG,Parceiro Demo 568 LTDA,Parceiro Demo 568,,Montes Claros,0152-1/02,CAVALOS,3
17670763814124,GO,Parceiro Demo 569 LTDA,Parceiro Demo 569,,Aparecida de Goiânia,9313-1/00,SERVICOS,3
11717076128487,SP,Parceiro Demo 57 LTDA,Parceiro Demo 57,,Ribeirão Preto,9313-1/00,SERVICOS,3
10766448511218,MG,Parceiro Demo 577 LTDA,Parceiro Demo 577,,Juiz de Fora,9313-1/00,SERVICOS,3
15506573387310,GO,Parceiro Demo 578 LTDA,Parceiro Demo 578,,Jataí,8230-0/01,EVENTOS,3
16295023628610,SP,Parceiro Demo 579 LTDA,Parceiro Demo 579,,São José do Rio Preto,4647-8/01,EQUIPAMENTOS,3
18317691931499,MG,Parceiro Demo 58 LTDA,Parceiro Demo 58,,Montes Claros,8230-0/01,EVENTOS,3
11442057070262,GO,Parceiro Demo 587 LTDA,Parceiro Demo 587,,Rio Verde,4647-8/01,EQUIPAMENTOS,3
16647316836589,SP,Parceiro Demo 588 LTDA,Parceiro Demo 588,,Sorocaba,0152-1/02,CAVALOS,3
10915186120540,MG,Parceiro Demo 589 LTDA,Parceiro Demo 589,,Contagem,9313-1/00,SERVICOS,3
12815739086260,GO,Parceiro Demo 59 LTDA,Parceiro Demo 59,,Aparecida de Goiânia,4647-8/01,EQUIPAMENTOS,3
14084512832956,SP,Parceiro Demo 597 LTDA,Parceiro Demo 597,,Ribeirão Preto,9313-1/00,SERVICOS,3
14285332587231,MG,Parceiro Demo 598 LTDA,Parceiro Demo 598,,Montes Claros,8230-0/01,EVENTOS,3
14747485531848,GO,Parceiro Demo 599 LTDA,Parceiro Demo 599,,Aparecida de Goiânia,4647-8/01,EQUIPAMENTOS,3
16559312563746,MG,Parceiro Demo 607 LTDA,Parceiro Demo 607,,Juiz de Fora,4647-8/01,EQUIPAMENTOS,3
15438583988939,GO,Parceiro Demo 608 LTDA,Parceiro Demo 608,,Jataí,0152-1/02,CAVALOS,3
10462666801312,SP,Parceiro Demo 609 LTDA,Parceiro Demo 609,,São José do Rio Preto,9313-1/00,SERVICOS,3
11602993014405,GO,Parceiro Demo 617 LTDA,Parceiro Demo 617,,Rio Verde,9313-1/00,SERVICOS,3
16548639379083,SP,Parceiro Demo 618 LTDA,Parceiro Demo 618,,Sorocaba,8230-0/01,EVENTOS,3
13328071817423,MG,Parceiro Demo 619 LTDA,Parceiro Demo 619,,Contagem,4647-8/01,EQUIPAMENTOS,3
11812555917257,SP,Parceiro Demo 627 LTDA,Parceiro Demo 627,,Ribeirão Preto,4647-8/01,EQUIPAMENTOS,3
12169660451453,MG,Parceiro Demo 628 LTDA,Parceiro Demo 628,,Montes Claros,0152-1/02,CAVALOS,3
10399991460577,GO,Parceiro Demo 629 LTDA,Parceiro Demo 629,,Aparecida de Goiânia,9313-1/00,SERVICOS,3
18381419249910,MG,Parceiro Demo 637 LTDA,Parceiro Demo 637,,Juiz de Fora,9313-1/00,SERVICOS,3
16487834802016,GO,Parceiro Demo 638 LTDA,Parceiro Demo 638,,Jataí,8230-0/01,EVENTOS,3
12810149832511,SP,Parceiro Demo 639 LTDA,Parceiro Demo 639,,São José do Rio Preto,4647-8/01,EQUIPAMENTOS,3
10141650326026,GO,Parceiro Demo 647 LTDA,Parceiro Demo 647,,Rio Verde,4647-8/01,EQUIPAMENTOS,3
16505265249969,SP,Parceiro Demo 648 LTDA,Parceiro Demo 648,,Sorocaba,0152-1/02,CAVALOS,3
11123855379200,MG,Parceiro Demo 649 LTDA,Parceiro Demo 649,,Contagem,9313-1/00,SERVICOS,3
17743005792561,SP,Parceiro Demo 657 LTDA,Parceiro Demo 657,,Ribeirão Preto,9313-1/00,SERVICOS,3
16824487926411,MG,Parceiro Demo 658 LTDA,Parceiro Demo 658,,Montes Claros,8230-0/01,EVENTOS,3
10103918325659,GO,Parceiro Demo 659 LTDA,Parceiro Demo 659,,Aparecida de Goiânia,4647-8/01,EQUIPAMENTOS,3
13315331099161,MG,Parceiro Demo 667 LTDA,Parceiro Demo 667,,Juiz de Fora,4647-8/01,EQUIPAMENTOS,3
18446484997815,GO,Parceiro Demo 668 LTDA,Parceiro Demo 668,,Jataí,0152-1/02,CAVALOS,3
16997620941264,SP,Parceiro Demo 669 LTDA,Parceiro Demo 669,,São José do Rio Preto,9313-1/00,SERVICOS,3
16204051054710,MG,Parceiro Demo 67 LTDA,Parceiro Demo 67,,Juiz de Fora,4647-8/01,EQUIPAMENTOS,3
10436361989252,GO,Parceiro Demo 677 LTDA,Parceiro Demo 677,,Rio Verde,9313-1/00,SERVICOS,3
10021091786835,SP,Parceiro Demo 678 LTDA,Parceiro Demo 678,,Sorocaba,8230-0/01,EVENTOS,3
12923405705380,MG,Parceiro Demo 679 LTDA,Parceiro Demo 679,,Contagem,4647-8/01,EQUIPAMENTOS,3
15722261740764,GO,Parceiro Demo 68 LTDA,Parceiro Demo 68,,Jataí,0152-1/02,CAVALOS,3
15841650797832,SP,Parceiro Demo 687 LTDA,Parceiro Demo 687,,Ribeirão Preto,4647-8/01,EQUIPAMENTOS,3
13949528578791,MG,Parceiro Demo 688 LTDA,Parceiro Demo 688,,Montes Claros,0152-1/02,CAVALOS,3
13107936099073,GO,Parceiro Demo 689 LTDA,Parceiro Demo 689,,Aparecida de Goiânia,9313-1/00,SERVICOS,3
15802823170134,SP,Parceiro Demo 69 LTDA,Parceiro Demo 69,,São José do Rio Preto,9313-1/00,SERVICOS,3
17340149347551,MG,Parceiro Demo 697 LTDA,Parceiro Demo 697,,Juiz de Fora,9313-1/00,SERVICOS,3
11009824512353,GO,Parceiro Demo 698 LTDA,Parceiro Demo 698,,Jataí,8230-0/01,EVENTOS,3
18018014502528,SP,Parceiro Demo 699 LTDA,Parceiro Demo 699,,São José do Rio Preto,4647-8/01,EQUIPAMENTOS,3
12962924734738,MG,Parceiro Demo 7 LTDA,Parceiro Demo 7,,Juiz de Fora,4647-8/01,EQUIPAMENTOS,3
14876785356095,GO,Parceiro Demo 707 LTDA,Parceiro Demo 707,,Rio Verde,4647-8/01,EQUIPAMENTOS,3
10972544735597,SP,Parceiro Demo 708 LTDA,Parceiro Demo 708,,Sorocaba,0152-1/02,CAVALOS,3
16383681908010,MG,Parceiro Demo 709 LTDA,Parceiro Demo 709,,Contagem,9313-1/00,SERVICOS,3
11848312433347,SP,Parceiro Demo 717 LTDA,Parceiro Demo 717,,Ribeirão Preto,9313-1/00,SERVICOS,3
11194725294553,MG,Parceiro Demo 718 LTDA,Parceiro Demo 718,,Montes Claros,8230-0/01,EVENTOS,3
14424808877887,GO,Parceiro Demo 719 LTDA,Parceiro Demo 719,,Aparecida de Goiânia,4647-8/01,EQUIPAMENTOS,3
17169256487390,MG,Parceiro Demo 727 LTDA,Parceiro Demo 727,,Juiz de Fora,4647-8/01,EQUIPAMENTOS,3
10620398801169,GO,Parceiro Demo 728 LTDA,Parceiro Demo 728,,Jataí,0152-1/02,CAVALOS,3
17769058959195,SP,Parceiro Demo 729 LTDA,Parceiro Demo 729,,São José do Rio Preto,9313-1/00,SERVICOS,3
17584023585531,GO,Parceiro Demo 737 LTDA,Parceiro Demo 737,,Rio Verde,9313-1/00,SERVICOS,3
16448726099321,SP,Parceiro Demo 738 LTDA,Parceiro Demo 738,,Sorocaba,8230-0/01,EVENTOS,3
10663473344141,MG,Parceiro Demo 739 LTDA,Parceiro Demo 739,,Contagem,4647-8/01,EQUIPAMENTOS,3
17281826210821,SP,Parceiro Demo 747 LTDA,Parceiro Demo 747,,Ribeirão Preto,4647-8/01,EQUIPAMENTOS,3
14101333499771,MG,Parceiro Demo 748 LTDA,Parceiro Demo 748,,Montes Claros,0152-1/02,CAVALOS,3
14100305504276,GO,Parceiro Demo 749 LTDA,Parceiro Demo 749,,Aparecida de Goiânia,9313-1/00,SERVICOS,3
12583290199354,MG,Parceiro Demo 757 LTDA,Parceiro Demo 757,,Juiz de Fora,9313-1/00,SERVICOS,3
16989176764415,GO,Parceiro Demo 758 LTDA,Parceiro Demo 758,,Jataí,8230-0/01,EVENTOS,3
18640907633599,SP,Parceiro Demo 759 LTDA,Parceiro Demo 759,,São José do Rio Preto,4647-8/01,EQUIPAMENTOS,3
15820637635155,GO,Parceiro Demo 767 LTDA,Parceiro Demo 767,,Rio Verde,4647-8/01,EQUIPAMENTOS,3
12236085808330,SP,Parceiro Demo 768 LTDA,Parceiro Demo 768,,Sorocaba,0152-1/02,CAVALOS,3
12107812233419,MG,Parceiro Demo 769 LTDA,Parceiro Demo 769,,Contagem,9313-1/00,SERVICOS,3
14854100280282,GO,Parceiro Demo 77 LTDA,Parceiro Demo 77,,Rio Verde,9313-1/00,SERVICOS,3
13933332693918,SP,Parceiro Demo 777 LTDA,Parceiro Demo 777,,Ribeirão Preto,9313-1/00,SERVICOS,3
14187054532892,MG,Parceiro Demo 778 LTDA,Parceiro Demo 778,,Montes Claros,8230-0/01,EVENTOS,3
13352738639354,GO,Parceiro Demo 779 LTDA,Parceiro Demo 779,,Aparecida de Goiânia,4647-8/01,EQUIPAMENTOS,3
13846759249243,SP,Parceiro Demo 78 LTDA,Parceiro Demo 78,,Sorocaba,8230-0/01,EVENTOS,3
12418519681093,MG,Parceiro Demo 787 LTDA,Parceiro Demo 787,,Juiz de Fora,4647-8/01,EQUIPAMENTOS,3
11004134446206,GO,Parceiro Demo 788 LTDA,Parceiro Demo 788,,Jataí,0152-1/02,CAVALOS,3
18167025002344,SP,Parceiro Demo 789 LTDA,Parceiro Demo 789,,São José do Rio Preto,9313-1/00,SERVICOS,3
12759095297762,MG,Parceiro Demo 79 LTDA,Parceiro Demo 79,,Contagem,4647-8/01,EQUIPAMENTOS,3
16265701604342,GO,Parceiro Demo 797 LTDA,Parceiro Demo 797,,Rio Verde,9313-1/00,SERVICOS,3
14479167320561,SP,Parceiro Demo 798 LTDA,Parceiro Demo 798,,Sorocaba,8230-0/01,EVENTOS,3
13529494791602,MG,Parceiro Demo 799 LTDA,Parceiro Demo 799,,Contagem,4647-8/01,EQUIPAMENTOS,3
14157002379534,GO,Parceiro Demo 8 LTDA,Parceiro Demo 8,,Jataí,0152-1/02,CAVALOS,3
16318777173250,SP,Parceiro Demo 807 LTDA,Parceiro Demo 807,,Ribeirão Preto,4647-8/01,EQUIPAMENTOS,3
14932782619809,MG,Parceiro Demo 808 LTDA,Parceiro Demo 808,,Montes Claros,0152-1/02,CAVALOS,3
13423716901241,GO,Parceiro Demo 809 LTDA,Parceiro Demo 809,,Aparecida de Goiânia,9313-1/00,SERVICOS,3
11445635732370,MG,Parceiro Demo 817 LTDA,Parceiro Demo 817,,Juiz de Fora,9313-1/00,SERVICOS,3
18909837917428,GO,Parceiro Demo 818 LTDA,Parceiro Demo 818,,Jataí,8230-0/01,EVENTOS,3
13546459958199,SP,Parceiro Demo 819 LTDA,Parceiro Demo 819,,São José do Rio Preto,4647-8/01,EQUIPAMENTOS,3
14108866961410,GO,Parceiro Demo 827 LTDA,Parceiro Demo 827,,Rio Verde,4647-8/01,EQUIPAMENTOS,3
16377000171606,SP,Parceiro Demo 828 LTDA,Parceiro Demo 828,,Sorocaba,0152-1/02,CAVALOS,3
11116555719984,MG,Parceiro Demo 829 LTDA,Parceiro Demo 829,,Contagem,9313-1/00,SERVICOS,3
11731375481533,SP,Parceiro Demo 837 LTDA,Parceiro Demo 837,,Ribeirão Preto,9313-1/00,SERVICOS,3
17540087775509,MG,Parceiro Demo 838 LTDA,Parceiro Demo 838,,Montes Claros,8230-0/01,EVENTOS,3
15953948774363,GO,Parceiro Demo 839 LTDA,Parceiro Demo 839,,Aparecida de Goiânia,4647-8/01,EQUIPAMENTOS,3
13305940725543,MG,Parceiro Demo 847 LTDA,Parceiro Demo 847,,Juiz de Fora,4647-8/01,EQUIPAMENTOS,3
14172177980857,GO,Parceiro Demo 848 LTDA,Parceiro Demo 848,,Jataí,0152-1/02,CAVALOS,3
17749640087646,SP,Parceiro Demo 849 LTDA,Parceiro Demo 849,,São José do Rio Preto,9313-1/00,SERVICOS,3
17502949497124,GO,Parceiro Demo 857 LTDA,Parceiro Demo 857,,Rio Verde,9313-1/00,SERVICOS,3
15407688123993,SP,Parceiro Demo 858 LTDA,Parceiro Demo 858,,Sorocaba,8230-0/01,EVENTOS,3
11480772465110,MG,Parceiro Demo 859 LTDA,Parceiro Demo 859,,Contagem,4647-8/01,EQUIPAMENTOS,3
11384672213343,SP,Parceiro Demo 867 LTDA,Parceiro Demo 867,,Ribeirão Preto,4647-8/01,EQUIPAMENTOS,3
17466845424320,MG,Parceiro Demo 868 LTDA,Parceiro Demo 868,,Montes Claros,0152-1/02,CAVALOS,3
10595474645365,GO,Parceiro Demo 869 LTDA,Parceiro Demo 869,,Aparecida de Goiânia,9313-1/00,SERVICOS,3
13236232878253,SP,Parceiro Demo 87 LTDA,Parceiro Demo 87,,Ribeirão Preto,4647-8/01,EQUIPAMENTOS,3
16697081211521,MG,Parceiro Demo 877 LTDA,Parceiro Demo 877,,Juiz de Fora,9313-1/00,SERVICOS,3
17779952615803,GO,Parceiro Demo 878 LTDA,Parceiro Demo 878,,Jataí,8230-0/01,EVENTOS,3
12422381537251,SP,Parceiro Demo 879 LTDA,Parceiro Demo 879,,São José do Rio Preto,4647-8/01,EQUIPAMENTOS,3
16491162089418,MG,Parceiro Demo 88 LTDA,Parceiro Demo 88,,Montes Claros,0152-1/02,CAVALOS,3
15598537068653,GO,Parceiro Demo 887 LTDA,Parceiro Demo 887,,Rio Verde,4647-8/01,EQUIPAMENTOS,3
14794903164014,SP,Parceiro Demo 888 LTDA,Parceiro Demo 888,,Sorocaba,0152-1/02,CAVALOS,3
16342393079018,MG,Parceiro Demo 889 LTDA,Parceiro Demo 889,,Contagem,9313-1/00,SERVICOS,3
16312596519970,GO,Parceiro Demo 89 LTDA,Parceiro Demo 89,,Aparecida de Goiânia,9313-1/00,SERVICOS,3
15427567514552,SP,Parceiro Demo 897 LTDA,Parceiro Demo 897,,Ribeirão Preto,9313-1/00,SERVICOS,3
15511065271021,MG,Parceiro Demo 898 LTDA,Parceiro Demo 898,,Montes Claros,8230-0/01,EVENTOS,3
11194057881714,GO,Parceiro Demo 899 LTDA,Parceiro Demo 899,,Aparecida de Goiânia,4647-8/01,EQUIPAMENTOS,3
16453182036736,SP,Parceiro Demo 9 LTDA,Parceiro Demo 9,,São José do Rio Preto,9313-1/00,SERVICOS,3
12127135833190,MG,Parceiro Demo 907 LTDA,Parceiro Demo 907,,Juiz de Fora,4647-8/01,EQUIPAMENTOS,3
13385780940907,GO,Parceiro Demo 908 LTDA,Parceiro Demo 908,,Jataí,0152-1/02,CAVALOS,3
14710396370254,SP,Parceiro Demo 909 LTDA,Parceiro Demo 909,,São José do Rio Preto,9313-1/00,SERVICOS,3
16425940897287,GO,Parceiro Demo 917 LTDA,Parceiro Demo 917,,Rio Verde,9313-1/00,SERVICOS,3
10734828887200,SP,Parceiro Demo 918 LTDA,Parceiro Demo 918,,Sorocaba,8230-0/01,EVENTOS,3
18576561019833,MG,Parceiro Demo 919 LTDA,Parceiro Demo 919,,Contagem,4647-8/01,EQUIPAMENTOS,3
17574132567913,SP,Parceiro Demo 927 LTDA,Parceiro Demo 927,,Ribeirão Preto,4647-8/01,EQUIPAMENTOS,3
15384529413375,MG,Parceiro Demo 928 LTDA,Parceiro Demo 928,,Montes Claros,0152-1/02,CAVALOS,3
12549933074900,GO,Parceiro Demo 929 LTDA,Parceiro Demo 929,,Aparecida de Goiânia,9313-1/00,SERVICOS,3
10649764087242,MG,Parceiro Demo 937 LTDA,Parceiro Demo 937,,Juiz de Fora,9313-1/00,SERVICOS,3
17026076868156,GO,Parceiro Demo 938 LTDA,Parceiro Demo 938,,Jataí,8230-0/01,EVENTOS,3
12325986976632,SP,Parceiro Demo 939 LTDA,Parceiro Demo 939,,São José do Rio Preto,4647-8/01,EQUIPAMENTOS,3
12102441117551,GO,Parceiro Demo 947 LTDA,Parceiro Demo 947,,Rio Verde,4647-8/01,EQUIPAMENTOS,3
16085405080662,SP,Parceiro Demo 948 LTDA,Parceiro Demo 948,,Sorocaba,0152-1/02,CAVALOS,3
14256416315217,MG,Parceiro Demo 949 LTDA,Parceiro Demo 949,,Contagem,9313-1/00,SERVICOS,3
16768587117588,SP,Parceiro Demo 957 LTDA,Parceiro Demo 957,,Ribeirão Preto,9313-1/00,SERVICOS,3
18707026725761,MG,Parceiro Demo 958 LTDA,Parceiro Demo 958,,Montes Claros,8230-0/01,EVENTOS,3
15416739011294,GO,Parceiro Demo 959 LTDA,Parceiro Demo 959,,Aparecida de Goiânia,4647-8/01,EQUIPAMENTOS,3
12352796322439,MG,Parceiro Demo 967 LTDA,Parceiro Demo 967,,Juiz de Fora,4647-8/01,EQUIPAMENTOS,3
14585933914057,GO,Parceiro Demo 968 LTDA,Parceiro Demo 968,,Jataí,0152-1/02,CAVALOS,3
12206797942560,SP,Parceiro Demo 969 LTDA,Parceiro Demo 969,,São José do Rio Preto,9313-1/00,SERVICOS,3
15476497401605,MG,Parceiro Demo 97 LTDA,Parceiro Demo 97,,Juiz de Fora,9313-1/00,SERVICOS,3
18487413755160,GO,Parceiro Demo 977 LTDA,Parceiro Demo 977,,Rio Verde,9313-1/00,SERVICOS,3
16067232728319,SP,Parceiro Demo 978 LTDA,Parceiro Demo 978,,Sorocaba,8230-0/01,EVENTOS,3
17973537939753,MG,Parceiro Demo 979 LTDA,Parceiro Demo 979,,Contagem,4647-8/01,EQUIPAMENTOS,3
13646674554616,GO,Parceiro Demo 98 LTDA,Parceiro Demo 98,,Jataí,8230-0/01,EVENTOS,3
15484312222556,SP,Parceiro Demo 987 LTDA,Parceiro Demo 987,,Ribeirão Preto,4647-8/01,EQUIPAMENTOS,3
12591539118514,MG,Parceiro Demo 988 LTDA,Parceiro Demo 988,,Montes Claros,0152-1/02,CAVALOS,3
14603770213730,GO,Parceiro Demo 989 LTDA,Parceiro Demo 989,,Aparecida de Goiânia,9313-1/00,SERVICOS,3
18330789985189,SP,Parceiro Demo 99 LTDA,Parceiro Demo 99,,São José do Rio Preto,4647-8/01,EQUIPAMENTOS,3
14292712255683,MG,Parceiro Demo 997 LTDA,Parceiro Demo 997,,Juiz de Fora,9313-1/00,SERVICOS,3
17517866355798,GO,Parceiro Demo 998 LTDA,Parceiro Demo 998,,Jataí,8230-0/01,EVENTOS,3
14595164358281,SP,Parceiro Demo 999 LTDA,Parceiro Demo 999,,São José do Rio Preto,4647-8/01,EQUIPAMENTOS,3
